LATITUDE,LONGITUDE,PLASTIC,BIODIVERSITY
19.94,-64.56,35.51,0.415490533
20.22,-64.38,70.52,0.415490533
20.45,-64.2,3548.46,0.415490533
21.13,-63.83,18.27,0.415490533
21.47,-63.59,34.47,0.415490533
21.74,-63.42,2106.08,0.415490533
22.15,-63.15,6.03,0.415490533
22.84,-62.76,50.98,0.415490533
24.36,-62.81,30.02,0.415490533
24.36,-62.81,22.55,0.415490533
24.77,-62.72,13.45,0.415490533
25.38,-62.48,4.87,0.415490533
25.56,-62.44,26606.27,0.415490533
26.09,-61.72,12.97,0.362526844
29.25,-62.99,192.43,0.362526844
29.75,-63.22,779.3900000000001,0.362526844
30.55,-63.71,1386.23,0.362526844
31.18,-64.01,148.78,0.362526844
31.54,-64.27,204.66,0.362526844
31.96,-64.54,1620.88,0.362526844
32.32,-64.43,596.46,0.362526844
32.08,-64.63,624.23,0.362526844
31.59,-62.77,261.28,0.362526844
31.2,-62.04,200.46,0.362526844
30.87,-61.31,1208.33,0.362526844
30.07,-58.71,381.13,0.301756045
30.07,-58.71,40.78,0.301756045
29.68,-56.7,127.44,0.301756045
29.54,-54.96,393.04,0.301756045
29.28,-53.61,364.5,0.301756045
28.91,-51.89,176.07,0.282960403
28.77,-51.08,486.38000000000005,0.282960403
28.55,-50.1,474.86,0.282960403
35.67,-35.02,57.16,0.328535902
36.29,-33.39,369.01,0.328535902
-23.5,-39.28,41.56,0.378443163
-23.73,-37.49,24.290000000000006,0.378443163
-23.89,-36.69,63.17,0.378443163
-24.11,-33.96,133.03,0.315884541
-23.03,-30.85,105.87,0.315884541
-22.3,-29.25,112.13,0.315884541
-20.83,-28.25,10.989999999999998,0.315884541
-19.8,-27.34,19.25,0.263420179
-18.62,-26.16,1.97,0.263420179
-17.89,-25.09,1.09,0.263420179
-16.98,-23.73,2.42,0.263420179
-16.24,-22.53,7.8,0.263420179
-13.99,-20.74,63.81,0.296920726
-26.43,-41.04,6.88,0.369791521
-26.39,-39.92,40.0,0.369791521
-26.19,-38.76,37.31,0.369791521
-26.13,-37.59,88.89999999999998,0.369791521
-26.0,-36.5,92.4,0.369791521
-25.9,-35.37,18.28,0.277729674
-25.8,-34.21,84.96,0.277729674
-25.92,-35.08,61.89,0.277729674
-26.08,-31.97,80.11,0.277729674
-26.31,-31.09,180.49,0.277729674
-26.49,-30.03,108.31,0.277729674
-26.8,-29.1,19.17,0.277729674
-26.7,-28.09,133.77,0.277729674
-27.33,-26.89,80.42,0.262883195
-27.88,-25.9,43.26,0.262883195
-28.58,-24.98,165.16,0.262883195
-29.52,-24.61,47.74,0.262883195
-29.97,-23.48,96.21,0.262883195
-30.66,-22.67,107.11,0.262883195
-31.25,-21.73,172.29,0.262883195
-31.87,-20.75,23.78,0.262883195
-32.59,-19.95,606.95,0.265641026
-33.49,-19.1,464.26,0.25728849800000003
-34.04,-18.19,303.0900000000001,0.25728849800000003
-34.6,-17.19,942.71,0.25728849800000003
-34.33,-15.98,498.71,0.25728849800000003
-34.07,-14.79,415.46,0.25728849800000003
-33.57,-13.71,191.27,0.25728849800000003
-33.26,-12.49,374.38,0.265641026
-32.9,-11.37,393.75,0.258608059
-32.61,-10.2,245.44,0.258608059
-32.33,-9.21,1748.86,0.258608059
-31.64,-8.08,843.8199999999998,0.258608059
-31.93,-6.99,216.65,0.258608059
-32.28,-5.95,363.69,0.258608059
-32.62,-4.85,193.77,0.258608059
-32.84,-3.68,115.61,0.283803376
-33.04,-2.43,319.88,0.283803376
-33.22,-1.27,359.42,0.283803376
-33.42,0.08,861.19,0.296392069
-33.62,1.08,34.18,0.296392069
-33.82,2.26,326.17,0.296392069
-34.03,3.46,98.66,0.296392069
-34.16,4.86,248.89,0.347388509
-34.36,6.25,299.84,0.347388509
-34.31,7.11,101.49,0.347388509
-34.02,9.78,35.86,0.347388509
-33.78,11.4,1041.99,0.347388509
-17.72,-5.95,10.1,0.286743211
-19.18,-5.97,6.73,0.286743211
-20.88,-6.0,61.72,0.286743211
-22.54,-6.19,154.48000000000005,0.286743211
-23.85,-6.33,18.28,0.286743211
-24.38,-7.27,144.82999999999996,0.258608059
-24.91,-8.2,378.1,0.258608059
-25.38,-9.23,102.79,0.258608059
-25.82,-10.28,651.45,0.258608059
-26.29,-11.29,80.46,0.258608059
-26.84,-12.26,184.26,0.265641026
-27.22,-13.27,120.91,0.265641026
-27.64,-14.3,1327.75,0.265641026
-28.03,-15.34,514.85,0.265641026
-28.39,-16.39,847.52,0.265641026
-28.83,-17.44,360.38,0.265641026
-29.12,-18.51,385.74,0.265641026
-29.51,-19.57,262.95,0.265641026
-29.95,-20.71,653.3199999999998,0.262883195
-30.28,-21.83,833.19,0.262883195
-30.57,-22.93,477.96,0.262883195
-30.9,-24.06,474.29,0.262883195
-31.14,-25.22,369.91,0.262883195
-31.48,-26.32,92.54,0.262883195
-31.66,-27.52,422.50000000000006,0.262883195
-31.94,-28.69,96.58,0.277729674
-32.48,-29.71,408.69,0.277729674
-32.83,-30.81,278.34000000000003,0.277729674
-33.24,-32.05,327.6,0.277729674
-33.45,-33.17,241.77,0.25049245600000003
-33.69,-34.34,98.25,0.25049245600000003
-33.94,-35.5,74.94,0.25049245600000003
-34.68,-36.45,131.56,0.274271051
-34.77,-37.6,211.88,0.274271051
-34.67,-38.82,1220.7800000000002,0.274271051
-34.81,-40.08,195.84,0.274271051
-34.87,-41.35,432.42,0.274271051
-34.84,-42.57,142.1,0.274271051
-34.91,-43.86,147.65,0.274271051
-35.08,-45.01,118.18,0.374362176
-34.94,-46.3,125.87,0.374362176
-35.15,-47.83,295.52,0.374362176
-34.72,-49.21,98.59,0.374362176
37.2,-133.87,100.84,0.27906098100000004
37.18,-133.95,1464.89,0.27906098100000004
38.15,-137.45,3756.22,0.27906098100000004
38.69,-141.77,75.55,0.267364709
38.69,-142.03,248.58,0.267364709
38.64,-142.27,37.65000000000001,0.267364709
37.87,-143.82,865.8399999999998,0.267364709
36.68,-144.84,13701.37,0.267364709
36.51,-145.04,259.42,0.267364709
32.55,-146.96,1236.35,0.288488363
32.52,-147.3,1627.73,0.288488363
31.56,-152.61,4452.45,0.31240795600000004
29.45,-153.52,785.29,0.31240795600000004
18.89,-155.66,144.04999999999995,0.372287706
18.92,-155.7,2.3,0.372287706
18.95,-155.72,2.16,0.372287706
18.16,-155.98,8.16,0.372287706
19.24,-155.18,7.52,0.372287706
19.7,-154.34,35.89,0.372287706
19.85,-154.44,31.06,0.372287706
19.92,-154.69,151.42000000000004,0.372287706
19.07,-155.45,51.36,0.372287706
19.01,-155.57,162.79,0.372287706
19.34,-156.09,603.91,0.396051413
19.9,-156.0,1.27,0.372287706
19.29,-156.05,5.1400000000000015,0.396051413
21.65,-160.54,78.09,0.396051413
21.65,-160.55,3.98,0.396051413
22.01,-160.88,44.40000000000001,0.396051413
22.1,-160.97,191.44,0.396051413
22.96,-161.91,611.5999999999998,0.396051413
23.57,-164.48,39.35,0.333262331
30.12,-165.41,275.58000000000004,0.304798646
30.99,-165.43,321.63,0.304798646
32.01,-165.4,515.54,0.304798646
32.24,-165.91,1608.29,0.304798646
33.03,-167.59,7858.9299999999985,0.304798646
33.01,-167.92,1222.3000000000004,0.304798646
33.01,-168.14,484.67,0.304798646
32.84,-170.07,3181.93,0.304798646
32.56,-169.7,225.48,0.304798646
32.26,-167.99,1171.5099999999998,0.304798646
32.55,-165.81,1250.11,0.304798646
32.47,-166.11,405.48,0.304798646
33.28,-165.0,429.55,0.304798646
33.76,-162.72,1804.24,0.301794413
33.76,-160.42,460.35,0.301794413
34.51,-157.85,983.44,0.301794413
36.16,-157.56,581.25,0.269339965
35.69,-147.67,1734.26,0.267364709
35.88,-132.57,88.85999999999999,0.27906098100000004
35.76,-138.51,865.42,0.27906098100000004
35.76,-138.77,1116.36,0.27906098100000004
35.89,-139.4,17081.16,0.27906098100000004
35.97,-139.82,710.38,0.27906098100000004
36.04,-140.33,1037.1999999999996,0.267364709
36.08,-140.79,1736.25,0.267364709
35.84,-140.82,5474.62,0.267364709
35.38,-141.02,1606.34,0.267364709
35.0,-141.45,2741.91,0.288488363
35.91,-141.78,2539.74,0.267364709
34.68,-142.08,10944.81,0.288488363
25.11,-128.11,42.67,0.29136709
24.22,-128.35,5.719999999999999,0.29136709
23.57,-130.37,17.41,0.29136709
24.6,-146.39,28.45,0.29921579800000003
24.54,-146.48,117.16,0.29921579800000003
24.41,-146.67,49.44000000000001,0.29921579800000003
24.36,-146.77,6.03,0.29921579800000003
23.57,-160.42,34.05,0.396051413
29.3,-162.05,667.49,0.301794413
29.77,-162.63,593.95,0.301794413
30.54,-163.23,321.17,0.301794413
31.31,-163.99,1804.87,0.301794413
31.61,-164.25,1117.24,0.304798646
32.74,-165.24,1867.14,0.304798646
34.37,-169.18,150.03,0.304798646
34.39,-170.02,816.46,0.304798646
35.06,-171.64,760.39,0.286636684
35.0,-171.74,563.55,0.304798646
35.0,-171.82,8349.789999999999,0.304798646
35.0,-171.93,407.64,0.304798646
34.59,-172.95,300.11,0.297257599
34.54,-176.4,1314.69,0.297257599
34.49,-176.44,6077.009999999998,0.297257599
34.47,-176.46,699.5,0.297257599
34.45,-176.48,114.28,0.297257599
34.43,-176.49,9921.66,0.297257599
34.01,-179.99,34.739999999999995,0.297257599
34.05,-179.99,385.38,0.297257599
34.15,-179.99,24.880000000000006,0.297257599
34.16,-179.99,1000.73,0.297257599
34.51,-179.86,40.04,0.297257599
35.1,-179.93,70.94,0.28341174
35.38,-179.89,102.31,0.28341174
35.41,-179.87,48.46,0.28341174
36.1,-179.59,213.12,0.28341174
36.48,-179.35,89.58,0.28341174
37.85,-179.38,46.69000000000001,0.28341174
39.3,-179.75,115.81,0.28341174
39.31,-179.74,324.03,0.28341174
40.31,-178.91,112.93,0.28341174
40.49,-178.71,125.53,0.28341174
25.63,-158.98,47.91,0.396051413
28.01,-160.31,426.2,0.301794413
26.65,-160.3,187.33,0.301794413
31.16,-160.24,587.95,0.301794413
31.15,-160.1,2939.7200000000007,0.301794413
31.15,-159.98,457.66,0.301794413
30.81,-158.69,284.09,0.301794413
31.31,-158.73,13.21,0.301794413
32.01,-159.01,708.26,0.301794413
32.5,-159.92,321.48,0.301794413
32.55,-159.96,5955.25,0.301794413
33.14,-159.25,254.42,0.301794413
33.18,-159.23,3564.85,0.301794413
34.29,-144.35,6224.86,0.288488363
34.37,-143.71,8645.26,0.288488363
34.67,-142.08,2124.78,0.288488363
34.93,-141.9,1258.43,0.288488363
35.01,-141.43,7415.86,0.288488363
35.38,-141.02,5832.8200000000015,0.267364709
35.84,-140.82,5838.18,0.267364709
36.07,-140.83,10145.36,0.267364709
36.04,-140.32,3029.600000000001,0.267364709
36.01,-140.15,8748.59,0.267364709
35.98,-139.99,12479.85,0.27906098100000004
35.93,-139.77,8887.779999999999,0.27906098100000004
35.69,-139.2,1971.81,0.27906098100000004
34.65,-142.29,3786.22,0.288488363
31.54,-156.86,904.42,0.301794413
32.2,-156.83,472.31,0.301794413
39.12,-156.92,6160.25,0.269339965
40.2,-156.71,195.37,0.269339965
41.04,-156.24,306.42,0.269339965
41.32,-155.71,333.09,0.27767429
41.34,-155.73,63.33,0.27767429
41.28,-154.25,464.66,0.27767429
40.55,-151.54,21554.82,0.27767429
40.51,-150.16,62.47,0.27767429
40.4,-148.05,46.73,0.27767429
40.24,-146.27,11.67,0.267364709
40.09,-144.45,26.51,0.267364709
40.37,-140.93,33.59,0.267364709
42.06,-137.54,32.56,0.27906098100000004
43.7,-134.58,10.53,0.27906098100000004
14.55,160.72,48.69000000000001,0.386916288
15.22,159.9,33.83,0.386916288
15.79,159.21,0.36,0.386916288
16.45,158.56,3.29,0.386916288
17.49,157.54,18.89,0.284634604
17.96,157.08,188.26,0.284634604
32.81,156.5,21.62,0.284530636
19.43,156.14,49.13,0.284634604
19.66,155.11,5.630000000000001,0.298120454
20.51,155.18,33.059999999999995,0.298120454
21.58,155.34,7.909999999999998,0.298120454
22.46,155.3,50.63,0.298120454
23.41,155.23,137.1,0.298120454
24.29,155.09,177.3,0.298120454
25.1,154.16,51.6,0.298120454
25.71,153.24,378.64,0.297953537
26.35,152.3,174.18,0.297953537
27.08,151.36,197.21,0.297953537
27.85,150.26,2131.7700000000004,0.297953537
28.56,149.3,63.05,0.297953537
29.73,148.05,198.4,0.297953537
33.26,151.18,83.19,0.297953537
32.09,153.17,83.28,0.297953537
31.27,155.32,324.54,0.297953537
30.73,157.77,247.87,0.284530636
30.19,160.4,92.38,0.284530636
30.44,163.32,46.14,0.284530636
30.5,166.08,89.15,0.270332197
30.08,168.13,347.29,0.270332197
29.2,169.83,80.03,0.270332197
29.41,172.01,365.77,0.270348495
28.48,175.32,701.31,0.270348495
30.28,-176.83,84.1,0.297257599
31.13,-174.3,1985.1,0.297257599
-33.13,-81.24,0.33,0.26018645100000004
-33.11,-82.39,0.0,0.26018645100000004
-33.02,-83.42,0.0,0.26018645100000004
-32.91,-84.49,2.73,0.256026045
-32.8,-86.24,10.63,0.256026045
-32.73,-86.38,1.48,0.256026045
-32.57,-87.42,1.17,0.256026045
-32.38,-88.11,77.96,0.256026045
-32.21,-89.43,3.28,0.256026045
-31.98,-90.41,8.84,0.256026045
-31.81,-91.34,1.02,0.256026045
-31.58,-92.34,30.66,0.213380922
-31.39,-93.35,25.28,0.213380922
-31.17,-94.32,13.6,0.213380922
-30.95,-95.35,10.2,0.213380922
-30.57,-96.2,46.56,0.213380922
-30.24,-97.09,69.98,0.213380922
-29.9,-97.93,97.72,0.213380922
-29.56,-98.81,105.04,0.213380922
-29.34,-99.8,81.4,0.213380922
-29.19,-100.74,308.04,0.221217885
-29.05,-101.73,730.83,0.221217885
-28.89,-102.58,219.55,0.221217885
-28.73,-103.55,84.42999999999998,0.221217885
-28.58,-104.4,170.17999999999995,0.221217885
-28.33,-105.33,184.87,0.221217885
-28.19,-106.31,88.91,0.221217885
-27.88,-107.25,38.57,0.221217885
-27.55,-108.05,375.02,0.241398899
-27.28,-108.94,206.07,0.241398899
-27.02,-110.98,154.6,0.241398899
-26.87,-111.91,110.63,0.241398899
-26.7,-112.87,18.33,0.241398899
-26.6,-113.86,4.69,0.241398899
-26.54,-114.83,2.43,0.241398899
-26.33,-115.74,8.44,0.241398899
-26.24,-116.68,20.58,0.239509795
-26.16,-117.58,27.26,0.239509795
-26.07,-118.51,2.99,0.239509795
-26.04,-119.43,4.739999999999998,0.239509795
-25.95,-120.43,18.41,0.239509795
-25.86,-121.34,1.01,0.239509795
-25.55,-122.2,1.38,0.239509795
-25.27,-123.25,1.87,0.239509795
-24.97,-123.94,4.050000000000002,0.239509795
-24.65,-124.79,12.94,0.260112606
-24.58,-125.73,13.79,0.260112606
-24.5,-126.62,3.48,0.260112606
-26.55,106.87,9.39,0.290154642
-24.39,99.51,15.33,0.278496103
-24.49,98.11,7.239999999999998,0.278496103
-24.49,96.44,385.04,0.278496103
-24.02,94.82,46.85,0.262535468
-21.41,75.3,34.72,0.264247567
-21.27,72.15,82.94,0.264247567
-21.05,68.44,580.5500000000002,0.264247567
-20.68,64.94,7635.44,0.354836437
-20.25,61.67,110.15,0.354836437
43.68,7.7,0.0,0.311905492
43.77,8.03,0.0,0.311905492
44.17,8.99,0.0,0.311905492
44.29,9.2,0.0,0.311905492
43.88,9.34,0.0,0.311905492
43.2,9.0,0.0,0.311905492
42.89,10.23,0.0,0.311905492
42.84,10.28,0.0,0.311905492
42.98,9.32,0.0,0.311905492
42.73,9.03,0.0,0.311905492
42.87,8.26,0.0,0.311905492
42.86,8.32,0.0,0.311905492
42.8,8.42,0.0,0.311905492
42.76,8.47,0.0,0.311905492
42.73,8.51,0.0,0.311905492
42.69,8.57,0.0,0.311905492
42.65,8.61,0.0,0.311905492
42.62,8.66,0.0,0.311905492
42.6,8.72,0.0,0.311905492
42.82,8.36,0.0,0.311905492
43.25,8.07,0.0,0.311905492
43.55,8.63,0.0,0.311905492
43.45,8.36,0.0,0.311905492
43.08,6.38,0.0,0.311905492
43.0,6.37,0.0,0.311905492
43.06,5.88,0.0,0.311905492
43.32,5.19,0.0,0.311905492
43.32,5.2,0.0,0.311905492
43.32,5.17,0.0,0.311905492
43.3,5.25,0.0,0.311905492
43.26,4.94,0.0,0.311905492
43.01,4.4,0.0,0.311905492
42.81,3.93,0.0,0.375347002
42.53,3.13,0.0,0.375347002
42.46,3.3,0.0,0.375347002
42.33,3.48,0.0,0.375347002
42.25,3.65,0.0,0.375347002
42.24,8.52,0.0,0.311905492
42.32,8.58,0.0,0.311905492
43.57,7.39,0.0,0.311905492
-60.34,-60.53,56.58,0.187276598
-63.88,-56.09,28.91,0.166976285
-63.39,-56.8,1.24,0.166976285
-57.76,-67.0,0.55,0.187276598
-39.63,-76.98,0.27,0.217277899
-34.17,-73.09,0.96,0.203506048
-33.69,-72.0,6.71,0.203506048
14.56,160.75,0.0,0.386916288
14.56,160.75,0.0,0.386916288
15.79,159.2,0.0,0.386916288
15.79,159.2,0.0,0.386916288
17.49,157.54,0.0,0.284634604
19.31,156.22,0.0,0.284634604
22.05,155.42,5547.2,0.298120454
23.9,155.24,2516.53,0.298120454
23.9,155.24,1347.32,0.298120454
25.1,154.15,50242.43,0.298120454
26.36,152.28,27365.59,0.297953537
26.71,151.78,14993.25,0.297953537
27.79,150.35,5980.93,0.297953537
27.89,150.19,4269.14,0.297953537
27.89,150.19,8718.71,0.297953537
30.04,147.59,0.0,0.486713221
32.89,143.73,22273.71,0.486713221
32.98,143.43,5053.73,0.486713221
32.98,143.43,25112.77,0.486713221
32.16,152.46,117.77,0.297953537
32.04,153.19,1591.3,0.297953537
32.01,153.38,5137.52,0.297953537
32.04,153.21,11961.28,0.297953537
31.08,155.33,7096.95,0.297953537
30.58,156.11,21573.72,0.284530636
31.05,155.46,10073.41,0.297953537
30.41,157.51,719.62,0.284530636
30.4,158.02,2234.65,0.284530636
30.39,158.04,275.16,0.284530636
30.2,158.42,68584.08,0.284530636
30.12,158.55,2518.52,0.284530636
30.1,160.01,121648.92,0.284530636
30.14,160.53,24060.63,0.284530636
30.12,160.39,7026.2,0.284530636
30.19,161.34,3447.62,0.284530636
30.12,160.31,35332.32,0.284530636
30.26,163.04,6506.03,0.284530636
30.28,163.59,28986.22,0.284530636
30.29,164.22,38155.87,0.270332197
30.3,166.09,32510.55,0.270332197
30.34,166.22,13482.59,0.270332197
30.33,166.2,19526.08,0.270332197
30.42,166.46,42512.53,0.270332197
29.58,168.22,7079.45,0.270332197
29.53,168.35,3389.29,0.270332197
29.1,170.03,222.6,0.270332197
28.55,173.1,3165.81,0.270348495
29.01,172.49,5039.73,0.270348495
29.15,172.27,1694.73,0.270348495
29.11,170.31,56.76,0.270332197
28.34,175.11,1230.49,0.270348495
28.24,175.24,387.59,0.270348495
29.51,179.45,6288.81,0.270348495
30.01,-178.56,11386.79,0.297257599
30.04,-178.41,11706.23,0.297257599
30.22,-176.45,10595.21,0.297257599
30.25,-176.28,10471.3,0.297257599
30.29,-176.14,68099.52,0.297257599
30.34,-175.52,1291.78,0.297257599
31.1,-174.14,11305.9,0.297257599
31.15,-174.04,3051.81,0.297257599
31.26,-173.47,14286.82,0.297257599
31.38,-173.27,21109.21,0.297257599
30.3,-173.04,8064.22,0.297257599
30.55,-172.37,12605.35,0.297257599
31.03,-172.27,5125.96,0.297257599
30.83,-146.9,40130.15,0.288488363
33.54,-144.92,20252.1,0.288488363
36.25,-142.93,50315.89,0.267364709
36.45,-137.17,19616.64,0.27906098100000004
25.67,-158.03,4284.53,0.396051413
28.37,-157.35,3867.61,0.301794413
33.65,-155.17,4198.36,0.31240795600000004
34.93,-151.12,16169.93,0.31240795600000004
36.12,-147.03,34712.57,0.267364709
37.48,-142.1,6109.85,0.267364709
37.85,-138.0,277.21,0.27906098100000004
27.57,-154.2,98.82,0.31240795600000004
29.73,-150.62,4750.31,0.31240795600000004
31.07,-148.8,8854.48,0.31240795600000004
32.57,-147.42,3879.38,0.288488363
34.43,-145.82,3546.05,0.288488363
36.5,-144.9,7447.62,0.267364709
37.97,-143.48,4459.81,0.267364709
27.57,-157.38,89.44,0.301794413
30.95,-157.35,694.34,0.301794413
33.4,-156.93,4463.17,0.301794413
34.5,-153.25,2189.57,0.31240795600000004
35.42,-149.88,4397.28,0.27767429
36.0,-146.33,2131.34,0.267364709
36.5,-142.08,1794.93,0.267364709
37.17,-138.92,1009.66,0.27906098100000004
37.15,-138.9,24.56,0.27906098100000004
36.27,-148.54,34438.77,0.27767429
35.62,-139.9,4551.01,0.27906098100000004
35.4,-136.77,2255.39,0.27906098100000004
22.42,-159.52,26.42,0.396051413
24.67,-159.47,0.0,0.396051413
27.49,-158.3,315.54,0.301794413
32.35,-157.6,4870.07,0.301794413
33.95,-155.83,8941.12,0.31240795600000004
35.87,-152.53,9651.0,0.27767429
37.07,-148.65,5246.81,0.27767429
36.13,-142.15,108840.82,0.267364709
35.55,-139.44,4800.05,0.27906098100000004
34.81,-136.82,549.35,0.288517194
34.59,-133.74,832.35,0.288517194
34.74,-131.54,25.08,0.35537263700000005
34.67,-129.16,1058.45,0.35537263700000005
31.64,-158.02,0.0,0.301794413
33.12,-158.15,68.6,0.301794413
33.68,-158.05,1216.62,0.301794413
34.05,-157.98,2581.77,0.301794413
35.57,-157.58,1333.22,0.269339965
35.42,-157.4,381.87,0.269339965
34.43,-155.89,651.23,0.31240795600000004
33.89,-155.53,0.0,0.31240795600000004
33.27,-154.5,5747.89,0.31240795600000004
33.37,-154.25,13037.53,0.31240795600000004
32.36,-152.8,17516.89,0.31240795600000004
32.32,-151.37,80.03,0.31240795600000004
33.88,-148.68,151.35,0.31240795600000004
34.9,-147.23,0.0,0.288488363
35.73,-146.02,6123.69,0.267364709
35.59,-141.49,0.0,0.267364709
35.12,-153.17,10339.38,0.27767429
37.27,-151.9,246.07,0.27767429
36.98,-150.82,900.48,0.27767429
36.9,-149.3,6837.65,0.27767429
37.17,-146.08,4295.55,0.267364709
34.23,-162.16,1546.89,0.301794413
40.19,-162.36,6321.8,0.269339965
41.88,-161.36,4365.36,0.269339965
44.14,-158.78,0.0,0.269339965
27.23,-156.28,27660.01,0.301794413
29.05,-155.37,51093.23,0.31240795600000004
30.8,-153.15,24194.55,0.31240795600000004
32.7,-151.02,27406.77,0.31240795600000004
37.77,-144.63,0.0,0.267364709
38.22,-142.48,5387.87,0.267364709
33.37,-154.73,416.76,0.31240795600000004
33.52,-154.88,10103.05,0.31240795600000004
35.22,-153.27,14958.41,0.27767429
35.22,-153.27,13387.19,0.27767429
36.1,-151.78,104042.16,0.27767429
32.33,-155.93,113.34,0.31240795600000004
31.6,-157.43,2176.74,0.301794413
36.22,-151.5,14718.12,0.27767429
37.18,-148.6,12096.02,0.27767429
23.25,-157.98,0.0,0.396051413
27.12,-157.08,0.0,0.301794413
29.65,-156.08,406.65,0.301794413
29.65,-156.08,14456.08,0.301794413
33.9,-155.08,316.72,0.31240795600000004
33.9,-155.08,457.91,0.31240795600000004
35.45,-154.52,12743.88,0.27767429
37.73,-150.95,202.53,0.27767429
41.43,-145.03,290.29,0.267364709
41.98,-143.22,0.0,0.267364709
26.38,-156.93,1907.73,0.301794413
27.88,-155.52,2079.92,0.31240795600000004
29.55,-153.57,9758.53,0.31240795600000004
31.12,-151.33,672.45,0.31240795600000004
32.7,-149.73,141.44,0.31240795600000004
36.25,-146.93,0.0,0.267364709
37.63,-146.02,34.92,0.267364709
37.87,-143.33,627.97,0.267364709
38.08,-141.02,143.67,0.267364709
38.17,-137.68,717.39,0.27906098100000004
38.32,-134.77,0.0,0.27906098100000004
38.15,-132.2,42.95,0.27906098100000004
23.25,-156.88,0.0,0.396051413
24.53,-155.18,0.0,0.372287706
26.12,-153.32,1521.46,0.31240795600000004
27.83,-151.33,9781.71,0.31240795600000004
29.97,-149.95,11102.41,0.31240795600000004
32.27,-148.85,0.0,0.31240795600000004
34.72,-147.73,1490.86,0.288488363
36.4,-146.37,3012.77,0.267364709
36.72,-143.92,2853.59,0.267364709
36.75,-141.3,0.0,0.267364709
36.9,-138.77,0.0,0.27906098100000004
37.32,-135.83,0.0,0.27906098100000004
36.55,-148.98,32969.78,0.27767429
36.63,-146.62,11054.42,0.267364709
24.53,-157.97,0.0,0.396051413
28.72,-156.68,663.75,0.301794413
31.57,-153.58,6725.89,0.31240795600000004
34.58,-151.52,30559.18,0.31240795600000004
37.25,-148.88,0.0,0.27767429
39.33,-147.32,0.0,0.267364709
39.22,-142.85,0.0,0.267364709
38.8,-138.69,2112.68,0.27906098100000004
38.85,-134.1,0.0,0.27906098100000004
38.58,-130.13,0.0,0.369912739
39.1,-125.32,4263.41,0.369912739
28.27,-157.42,905.11,0.301794413
33.98,-156.04,12979.45,0.301794413
36.5,-155.27,120047.68,0.27767429
37.48,-156.68,19596.52,0.269339965
37.54,-152.48,18625.32,0.27767429
37.53,-152.23,1585.1,0.27767429
37.27,-145.27,3160.07,0.267364709
31.13,-159.52,290.91,0.301794413
34.18,-159.17,6524.58,0.301794413
36.18,-158.22,1947.45,0.269339965
29.82,-156.97,1708.99,0.301794413
30.93,-156.57,635.08,0.301794413
32.9,-155.67,962.99,0.31240795600000004
32.38,-154.65,6515.52,0.31240795600000004
33.98,-151.33,16280.18,0.31240795600000004
35.98,-148.82,7834.67,0.27767429
37.38,-146.03,12667.55,0.267364709
37.1,-142.03,58.65,0.267364709
26.09,-157.34,2217.1,0.301794413
36.31,-150.93,0.0,0.27767429
35.78,-149.31,34583.88,0.27767429
32.95,-159.55,6786.41,0.301794413
38.97,-161.78,740.47,0.269339965
40.12,-162.95,16140.45,0.269339965
43.07,-160.27,70.14,0.269339965
46.65,-151.72,0.0,0.19594674
38.08,-152.35,360.59,0.27767429
35.77,-153.64,5003.65,0.27767429
37.89,-149.57,21821.29,0.27767429
38.0,-141.99,0.0,0.267364709
38.19,-138.8,190.41,0.27906098100000004
36.64,-128.15,0.0,0.369912739
35.77,-124.5,0.0,0.369912739
24.37,-156.17,0.0,0.396051413
27.48,-154.3,0.0,0.31240795600000004
32.4,-150.97,46647.82,0.31240795600000004
36.55,-146.5,911.94,0.267364709
36.1,-142.9,41348.58,0.267364709
35.7,-139.95,758.91,0.27906098100000004
36.0,-136.1,4899.22,0.27906098100000004
22.13,-158.08,0.0,0.396051413
22.83,-158.67,0.0,0.396051413
24.25,-156.78,1240.33,0.396051413
25.53,-155.5,0.0,0.372287706
26.63,-154.17,0.0,0.31240795600000004
30.5,-150.47,422.21,0.31240795600000004
31.4,-148.12,0.0,0.31240795600000004
35.18,-147.7,693.55,0.267364709
33.42,-144.77,0.0,0.288488363
33.72,-139.45,22786.14,0.288517194
33.17,-136.43,0.0,0.288517194
31.57,-132.3,0.0,0.288517194
31.52,-127.87,0.0,0.35537263700000005
34.17,-119.8,0.0,0.417153829
31.26,-158.12,3503.51,0.301794413
31.63,-156.07,13586.79,0.301794413
33.06,-153.9,30962.47,0.31240795600000004
32.98,-154.15,72310.85,0.31240795600000004
29.07,-155.06,564.44,0.31240795600000004
30.03,-155.03,50.39,0.31240795600000004
30.99,-154.77,17649.01,0.31240795600000004
30.99,-154.24,5736.7,0.31240795600000004
30.78,-152.9,3800.82,0.31240795600000004
30.67,-152.48,7506.86,0.31240795600000004
30.67,-150.89,76836.1,0.31240795600000004
30.9,-150.44,63786.24,0.31240795600000004
31.49,-149.25,48641.44,0.31240795600000004
31.99,-148.98,40809.91,0.31240795600000004
32.9,-148.07,139259.99,0.31240795600000004
33.27,-147.61,53054.33,0.288488363
34.4,-146.67,31693.1,0.288488363
34.77,-146.36,38084.44,0.288488363
35.23,-144.79,5813.64,0.267364709
35.3,-144.2,19225.32,0.267364709
35.6,-142.14,2544.12,0.267364709
35.48,-141.52,7213.12,0.267364709
35.42,-139.39,7172.64,0.27906098100000004
35.46,-138.78,6092.02,0.27906098100000004
30.25,-156.6,3073.13,0.301794413
30.51,-156.32,12402.44,0.301794413
32.03,-154.38,48846.15,0.31240795600000004
33.05,-151.57,234435.64,0.31240795600000004
34.25,-149.0,177134.99,0.31240795600000004
35.63,-146.83,308741.06,0.267364709
36.78,-144.82,134846.88,0.267364709
38.57,-142.18,39544.12,0.267364709
21.9,-157.8,0.0,0.396051413
24.91,-157.43,0.0,0.396051413
24.02,-157.69,448.77,0.396051413
27.73,-157.12,1735.32,0.301794413
26.89,-157.16,460.14,0.301794413
30.4,-157.08,0.0,0.301794413
29.67,-157.13,782.41,0.301794413
32.51,-156.49,1993.38,0.301794413
31.88,-156.77,33003.05,0.301794413
33.8,-155.55,1260.53,0.31240795600000004
34.31,-155.33,5593.77,0.31240795600000004
35.63,-154.14,520.94,0.27767429
36.19,-153.26,24315.54,0.27767429
37.69,-150.3,1013.17,0.27767429
37.18,-151.17,11304.63,0.27767429
39.72,-147.57,30740.78,0.267364709
39.16,-148.25,1694.62,0.27767429
41.22,-146.61,24682.9,0.267364709
41.67,-146.33,3900.68,0.267364709
5.62,83.0,0.0,0.538786172
5.66,83.32,0.0,0.538786172
5.9,85.04,1154.4,0.362944499
6.19,87.27,11589.36,0.362944499
6.17,87.01,0.0,0.362944499
5.95,85.53,5787.64,0.362944499
5.92,85.26,1951.57,0.362944499
6.45,89.09,0.0,0.362944499
6.2,87.37,407.69,0.362944499
6.49,92.05,464.65,0.566620883
6.61,90.77,2370.14,0.362944499
6.63,90.6,15762.43,0.362944499
6.51,92.35,11837.28,0.566620883
6.5,92.28,29085.88,0.566620883
6.66,93.96,0.0,0.566620883
6.63,93.86,0.0,0.566620883
-32.86,-72.72,2934.21,0.281014092
-32.8,-73.7,0.0,0.281014092
-32.5,-77.45,0.0,0.26018645100000004
-32.38,-78.58,0.0,0.26018645100000004
-32.3,-79.29,0.0,0.26018645100000004
-31.91,-82.89,0.0,0.26018645100000004
-31.77,-84.17,0.0,0.256026045
-31.64,-85.33,0.0,0.256026045
-31.2,-88.65,0.0,0.256026045
-31.04,-89.52,0.0,0.256026045
-30.8,-90.9,669.31,0.256026045
-30.02,-94.44,479.7,0.213380922
-29.75,-95.58,0.0,0.213380922
-29.49,-96.58,197.89,0.213380922
-28.57,-99.84,4541.06,0.213380922
-28.18,-101.09,6189.05,0.221217885
-27.85,-102.14,2249.58,0.221217885
-26.48,-105.43,3013.17,0.221217885
-26.63,-106.52,323.0,0.221217885
-27.43,-108.86,3654.02,0.241398899
-27.69,-108.0,3372.3,0.221217885
-28.71,-104.6,2531.53,0.221217885
-29.0,-103.55,3901.18,0.221217885
-29.19,-102.8,3290.61,0.221217885
-30.04,-99.34,516.8,0.213380922
-30.31,-98.17,656.86,0.213380922
-30.48,-97.3,704.72,0.213380922
-31.09,-94.22,0.0,0.213380922
-31.33,-92.97,468.78,0.213380922
-31.45,-92.17,586.29,0.213380922
-32.0,-88.49,0.0,0.256026045
-32.18,-87.3,0.0,0.256026045
-32.28,-86.4,0.0,0.256026045
-32.69,-82.33,0.0,0.26018645100000004
-32.81,-81.18,0.0,0.26018645100000004
-32.84,-80.28,0.0,0.26018645100000004
-32.98,-77.07,0.0,0.26018645100000004
-33.04,-75.78,0.0,0.281014092
-33.01,-72.04,137.48,0.281014092
36.05,-33.93,116.21,0.328535902
35.21,-33.92,7.09,0.328535902
34.45,-34.49,436.15,0.308404549
33.79,-35.14,2486.49,0.308404549
33.42,-35.09,162.62,0.308404549
32.63,-36.41,576.8,0.280097776
31.81,-36.88,122.58,0.280097776
30.93,-37.06,142.43,0.280097776
30.07,-37.1,161.2,0.280097776
29.14,-37.23,64.63,0.280097776
28.31,-37.4,169.0,0.280097776
27.41,-37.4,2336.62,0.280097776
26.51,-37.36,94.24,0.280097776
25.58,-37.25,53.85,0.29491504
26.33,-37.72,150.93,0.280097776
27.2,-38.13,1205.34,0.280097776
28.16,-38.52,289.4600000000001,0.280097776
28.96,-38.84,154.82,0.280097776
29.8,-39.31,10508.6,0.280097776
30.61,-39.65,189.55,0.280097776
31.39,-40.08,186.71,0.280097776
32.19,-40.65,141.35,0.280097776
33.0,-41.29,424.81,0.280097776
32.2,-41.61,768.47,0.280097776
31.38,-41.76,295.8300000000001,0.280097776
30.52,-42.09,4262.96,0.280097776
29.7,-42.48,50.3,0.280097776
28.85,-42.59,55.97,0.280097776
28.02,-42.83,150.56,0.280097776
27.12,-42.96,212.57,0.280097776
26.26,-43.14,154.12,0.280097776
26.85,-43.77,115.49,0.280097776
27.58,-44.34,6565.57,0.282960403
28.33,-44.98,5659.960000000001,0.282960403
29.04,-45.48,281.65,0.282960403
29.73,-46.04,169.67000000000004,0.282960403
30.55,-46.66,230.29,0.282960403
31.27,-47.18,825.8599999999999,0.282960403
32.06,-47.69,351.47,0.282960403
33.16,-48.27,0.0,0.282960403
-39.31,163.59,0.0,0.314412189
-39.32,163.57,0.0,0.314412189
-39.32,163.56,0.0,0.314412189
-39.96,160.42,0.0,0.314412189
-40.05,160.1,0.0,0.314412189
-40.06,160.1,0.0,0.314412189
-40.64,155.88,0.0,0.5083978379999999
-40.64,155.87,0.0,0.5083978379999999
-40.62,155.92,0.0,0.5083978379999999
-41.14,152.28,0.0,0.5083978379999999
-41.14,152.26,0.0,0.5083978379999999
-41.14,152.25,0.0,0.5083978379999999
-43.58,145.8,0.0,0.357791099
-43.57,145.79,0.0,0.357791099
-43.56,145.78,0.0,0.357791099
-41.92,144.54,0.0,0.357791099
-41.92,144.54,0.0,0.357791099
-41.92,144.54,0.0,0.357791099
-39.04,142.41,0.0,0.357791099
-39.04,142.4,0.0,0.357791099
-39.03,142.39,0.0,0.357791099
-37.89,139.82,0.0,0.359161315
-37.88,139.82,0.0,0.359161315
-37.87,139.81,0.0,0.359161315
-36.05,135.69,0.0,0.359161315
-36.05,135.69,0.0,0.359161315
-36.04,135.68,0.0,0.359161315
-35.48,132.18,0.0,0.359161315
-35.48,132.16,0.0,0.359161315
-35.48,132.15,0.0,0.359161315
-35.07,127.26,0.0,0.320327646
-35.07,127.24,0.0,0.320327646
-35.07,127.23,0.0,0.320327646
-34.6,121.82,0.0,0.361527011
-34.61,121.81,0.0,0.361527011
-34.61,121.8,0.0,0.361527011
-35.32,118.62,0.0,0.361527011
-35.32,118.61,0.0,0.361527011
-35.32,118.61,0.0,0.361527011
-33.12,114.48,0.0,0.5954836720000001
-33.12,114.46,0.0,0.5954836720000001
-33.12,114.44,0.0,0.5954836720000001
-41.9,148.46,0.0,0.5083978379999999
-41.88,148.49,0.0,0.5083978379999999
-41.87,148.51,0.0,0.5083978379999999
-39.65,148.88,0.0,0.5083978379999999
-39.65,148.87,0.0,0.5083978379999999
-39.63,148.86,0.0,0.5083978379999999
-37.64,150.4,0.0,0.5083978379999999
-37.62,150.4,0.0,0.5083978379999999
-37.61,150.4,0.0,0.5083978379999999
-35.4,150.84,0.0,0.5083978379999999
-35.39,150.85,0.0,0.5083978379999999
-35.38,150.85,0.0,0.5083978379999999
-33.88,152.01,0.0,0.5083978379999999
-33.87,152.01,0.0,0.5083978379999999
-33.87,152.02,0.0,0.5083978379999999
-33.17,152.7,0.0,0.6291239820000001
-33.16,152.7,0.0,0.6291239820000001
-33.16,152.71,0.0,0.6291239820000001
-31.03,153.37,0.0,0.6291239820000001
-31.04,153.36,0.0,0.6291239820000001
-31.04,153.36,0.0,0.6291239820000001
-28.34,153.92,0.0,0.6291239820000001
-28.34,153.92,0.0,0.6291239820000001
-28.34,153.92,0.0,0.6291239820000001
-26.73,153.38,0.0,0.6291239820000001
-26.72,153.38,0.0,0.6291239820000001
-26.7,153.38,0.0,0.6291239820000001
-24.91,155.21,0.0,0.6291239820000001
-24.92,155.2,0.0,0.6291239820000001
-24.94,155.18,0.0,0.6291239820000001
-23.87,162.35,0.0,0.508145827
-23.87,162.37,0.0,0.508145827
-23.86,162.38,0.0,0.508145827
-23.21,166.63,0.0,0.505599182
-23.21,166.64,0.0,0.505599182
-23.21,166.66,0.0,0.505599182
-21.77,170.63,0.0,0.505599182
-21.76,170.64,0.0,0.505599182
-21.75,170.66,0.0,0.505599182
-18.57,176.5,0.0,0.426970166
-18.58,176.49,0.0,0.426970166
-18.59,176.48,0.0,0.426970166
-19.98,174.99,0.0,0.426970166
-19.99,174.98,0.0,0.426970166
-20.0,174.97,0.0,0.426970166
-21.28,173.58,0.0,0.426970166
-21.29,173.56,0.0,0.426970166
-21.3,173.56,0.0,0.426970166
-22.6,172.1,0.0,0.426970166
-22.6,172.09,0.0,0.426970166
-22.61,172.08,0.0,0.426970166
-23.75,170.53,0.0,0.505599182
-23.76,170.52,0.0,0.505599182
-23.77,170.51,0.0,0.505599182
-25.08,168.71,0.0,0.43443538
-25.08,168.69,0.0,0.43443538
-25.09,168.68,0.0,0.43443538
-26.29,167.01,0.0,0.43443538
-26.3,167.0,0.0,0.43443538
-26.3,166.98,0.0,0.43443538
-27.53,165.19,0.0,0.43443538
-27.54,165.18,0.0,0.43443538
-27.56,165.18,0.0,0.43443538
-35.65,155.07,0.0,0.5083978379999999
-35.66,155.06,0.0,0.5083978379999999
-35.67,155.05,0.0,0.5083978379999999
-37.38,153.54,0.0,0.5083978379999999
-37.39,153.53,0.0,0.5083978379999999
-37.41,153.51,0.0,0.5083978379999999
-42.29,148.97,0.0,0.5083978379999999
-42.3,148.96,0.0,0.5083978379999999
-42.31,148.95,0.0,0.5083978379999999
-42.83,148.45,0.0,0.5083978379999999
-42.84,148.43,0.0,0.5083978379999999
-42.84,148.42,0.0,0.5083978379999999
-16.57,145.75,0.0,0.5791574389999999
-16.55,145.76,0.0,0.5791574389999999
-16.53,145.74,0.0,0.5791574389999999
-15.02,145.39,0.0,0.636895136
-15.0,145.38,0.0,0.636895136
-14.98,145.38,0.0,0.636895136
-13.65,144.08,0.0,0.636895136
-13.63,144.07,0.0,0.636895136
-13.62,144.06,0.0,0.636895136
-12.02,143.27,0.0,0.636895136
-12.0,143.28,0.0,0.636895136
-11.99,143.29,0.0,0.636895136
-10.75,142.33,0.0,0.636895136
-10.77,142.3,0.0,0.636895136
-10.78,142.28,0.0,0.636895136
-12.27,141.63,0.0,0.636895136
-12.29,141.62,0.0,0.636895136
-12.3,141.62,0.0,0.636895136
-15.49,141.04,0.0,0.636895136
-15.51,141.04,0.0,0.636895136
-15.52,141.04,0.0,0.636895136
-17.05,140.78,0.0,0.5791574389999999
-17.07,140.77,0.0,0.5791574389999999
-17.08,140.77,0.0,0.5791574389999999
-18.65,119.49,0.0,0.543560166
-18.66,119.48,0.0,0.543560166
-18.66,119.46,0.0,0.543560166
-18.86,118.67,0.0,0.543560166
-18.87,118.65,0.0,0.543560166
-18.87,118.63,0.0,0.543560166
-18.99,118.2,0.0,0.543560166
-18.99,118.18,0.0,0.543560166
-19.0,118.17,0.0,0.543560166
-19.11,117.72,0.0,0.543560166
-19.11,117.7,0.0,0.543560166
-19.12,117.68,0.0,0.543560166
-19.43,115.93,0.0,0.520592953
-19.43,115.94,0.0,0.520592953
-19.43,115.96,0.0,0.520592953
-20.06,116.38,0.0,0.543560166
-20.07,116.35,0.0,0.543560166
-20.07,116.34,0.0,0.543560166
-20.32,115.66,0.0,0.520592953
-20.32,115.64,0.0,0.520592953
-20.33,115.63,0.0,0.520592953
-19.79,115.98,0.0,0.520592953
-19.8,115.97,0.0,0.520592953
-19.81,115.95,0.0,0.520592953
-20.38,115.13,0.0,0.520592953
-20.4,115.12,0.0,0.520592953
-20.4,115.1,0.0,0.520592953
-21.84,113.92,0.0,0.520592953
-21.83,113.93,0.0,0.520592953
-21.82,113.95,0.0,0.520592953
-21.2,115.47,0.0,0.520592953
-21.2,115.49,0.0,0.520592953
-21.19,115.51,0.0,0.520592953
-19.97,117.09,0.0,0.543560166
-19.95,117.1,0.0,0.543560166
-19.94,117.11,0.0,0.543560166
-18.73,118.74,0.0,0.543560166
-18.72,118.75,0.0,0.543560166
-18.71,118.76,0.0,0.543560166
-17.66,120.13,0.0,0.543560166
-17.65,120.14,0.0,0.543560166
-17.65,120.16,0.0,0.543560166
-15.21,123.32,0.0,0.6238875939999999
-15.2,123.33,0.0,0.6238875939999999
-15.19,123.34,0.0,0.6238875939999999
-14.29,124.78,0.0,0.59347109
-14.28,124.79,0.0,0.59347109
-14.28,124.8,0.0,0.59347109
-13.75,127.6,0.0,0.59347109
-13.74,127.61,0.0,0.59347109
-13.74,127.63,0.0,0.59347109
-12.82,129.39,0.0,0.59347109
-12.82,129.4,0.0,0.59347109
-12.81,129.42,0.0,0.59347109
-12.41,130.16,0.0,0.59347109
-12.41,130.17,0.0,0.59347109
-12.4,130.18,0.0,0.59347109
-34.45,172.5,0.0,0.37263672
-34.66,173.91,0.0,0.37263672
-34.86,171.95,0.0,0.364225103
-37.32,168.5,0.0,0.364225103
-37.57,168.15,0.0,0.364225103
-38.99,165.5,0.0,0.364225103
-39.05,165.1,0.0,0.364225103
-40.34,157.6,0.0,0.314412189
-40.47,156.61,0.0,0.314412189
-42.22,150.25,0.0,0.5083978379999999
-43.26,145.27,0.0,0.357791099
-42.92,145.0,0.0,0.357791099
-40.28,143.33,0.0,0.357791099
-39.68,143.05,4884.0,0.357791099
-36.11,136.37,27.9,0.359161315
-35.25,129.63,0.0,0.320327646
-35.17,128.73,26.2,0.320327646
-34.85,124.58,26.3,0.320327646
-34.89,120.54,0.0,0.361527011
-35.08,119.68,95.7,0.361527011
-35.41,116.34,29.4,0.361527011
-41.11,148.81,0.0,0.5083978379999999
-38.33,149.77,0.0,0.5083978379999999
-17.6,177.44,2149.5,0.426970166
-17.95,177.16,538.65,0.426970166
-18.25,176.85,144.65,0.426970166
-20.68,174.23,0.0,0.426970166
-23.23,171.24,0.0,0.505599182
-23.57,170.78,0.0,0.505599182
-36.41,154.4,0.0,0.5083978379999999
-42.75,148.53,0.0,0.5083978379999999
-21.18,115.52,0.0,0.520592953
-19.92,117.12,0.0,0.543560166
42.99,6.41,0.0,0.311905492
42.99,6.47,0.0,0.311905492
42.99,6.5,0.0,0.311905492
42.98,6.56,19.6,0.311905492
42.97,6.62,0.0,0.311905492
43.14,6.97,0.0,0.311905492
43.18,7.01,19.6,0.311905492
43.22,7.05,196.0,0.311905492
43.26,7.09,0.0,0.311905492
43.29,7.12,0.0,0.311905492
43.33,7.16,0.0,0.311905492
43.37,7.2,0.0,0.311905492
43.39,7.17,2044.7,0.311905492
43.41,7.08,78.4,0.311905492
43.42,7.02,0.0,0.311905492
43.38,6.92,0.0,0.311905492
43.38,6.98,0.0,0.311905492
43.38,7.04,58.8,0.311905492
43.37,7.09,39.2,0.311905492
43.37,7.15,1902.6,0.311905492
43.37,7.2,0.0,0.311905492
43.37,7.27,215.6,0.311905492
43.38,7.34,196.0,0.311905492
43.36,7.31,19.6,0.311905492
43.35,7.24,176.4,0.311905492
43.33,7.17,0.0,0.311905492
43.31,7.1,39.2,0.311905492
43.27,6.89,0.0,0.311905492
43.3,6.92,39.2,0.311905492
43.31,6.97,0.0,0.311905492
43.35,7.0,0.0,0.311905492
43.38,7.03,0.0,0.311905492
43.69,7.47,0.0,0.311905492
43.65,7.5,0.0,0.311905492
43.52,7.53,0.0,0.311905492
43.5,7.46,668.2,0.311905492
43.48,7.08,0.0,0.311905492
43.46,7.13,176.4,0.311905492
43.44,7.19,19.6,0.311905492
43.42,7.25,39.2,0.311905492
43.4,7.31,155.2,0.311905492
43.38,7.36,2000.6,0.311905492
43.36,7.42,0.0,0.311905492
43.33,7.43,468.8,0.311905492
43.31,7.38,194.4,0.311905492
43.27,7.35,468.8,0.311905492
43.22,7.37,117.6,0.311905492
43.17,7.39,58.8,0.311905492
43.13,7.41,19.6,0.311905492
43.08,7.43,0.0,0.311905492
43.04,7.45,331.6,0.311905492
43.0,7.45,39.2,0.311905492
42.97,7.39,176.4,0.311905492
42.9,7.23,0.0,0.311905492
42.91,7.15,58.8,0.311905492
42.91,7.08,155.2,0.311905492
42.92,7.0,0.0,0.311905492
42.93,6.92,0.0,0.311905492
42.94,6.85,0.0,0.311905492
42.95,6.77,0.0,0.311905492
42.95,6.7,137.2,0.311905492
42.96,6.62,0.0,0.311905492
42.96,6.28,0.0,0.311905492
42.92,6.3,0.0,0.311905492
42.87,6.31,78.4,0.311905492
42.83,6.33,58.8,0.311905492
42.79,6.35,19.6,0.311905492
42.75,6.34,0.0,0.311905492
42.71,6.37,137.2,0.311905492
42.72,6.3,0.0,0.311905492
42.72,6.24,98.0,0.311905492
42.71,6.18,235.2,0.311905492
42.71,6.12,352.8,0.311905492
42.71,6.07,58.8,0.311905492
42.71,6.07,0.0,0.311905492
42.73,6.01,19.6,0.311905492
42.76,5.94,0.0,0.311905492
42.81,5.74,0.0,0.311905492
42.79,5.67,39.2,0.311905492
42.78,5.61,39.2,0.311905492
42.77,5.54,0.0,0.311905492
42.84,5.47,0.0,0.311905492
42.84,5.41,135.6,0.311905492
42.85,5.34,19.6,0.311905492
42.85,5.28,39.2,0.311905492
42.84,5.25,156.8,0.311905492
42.81,5.29,0.0,0.311905492
42.72,6.61,0.0,0.311905492
42.68,6.65,58.8,0.311905492
42.64,6.69,215.6,0.311905492
42.6,6.74,1922.2,0.311905492
42.56,6.79,194.4,0.311905492
42.52,6.83,39.2,0.311905492
42.48,6.88,0.0,0.311905492
42.43,6.86,0.0,0.311905492
42.4,6.91,39.2,0.311905492
42.37,6.96,646.8,0.311905492
42.34,7.01,385.5,0.311905492
42.36,7.06,0.0,0.311905492
42.4,7.07,19.6,0.311905492
42.45,7.09,39.2,0.311905492
42.46,7.09,0.0,0.311905492
42.51,7.11,352.8,0.311905492
42.56,7.13,19.6,0.311905492
43.31,7.44,0.0,0.311905492
43.34,7.43,0.0,0.311905492
43.33,7.41,0.0,0.311905492
43.32,7.39,0.0,0.311905492
43.32,7.37,0.0,0.311905492
43.33,7.35,0.0,0.311905492
43.36,7.32,196.0,0.311905492
43.39,7.36,58.8,0.311905492
43.42,7.39,58.8,0.311905492
43.46,7.43,78.4,0.311905492
43.49,7.46,215.6,0.311905492
43.53,7.5,0.0,0.311905492
43.56,7.55,19.6,0.311905492
43.54,7.59,135.6,0.311905492
43.5,7.63,333.2,0.311905492
43.5,7.63,0.0,0.311905492
43.47,7.67,372.4,0.311905492
43.44,7.71,529.2,0.311905492
43.41,7.76,392.0,0.311905492
43.38,7.74,78.4,0.311905492
43.49,7.29,0.0,0.311905492
43.46,7.33,352.8,0.311905492
43.29,7.86,0.0,0.311905492
43.34,7.84,174.8,0.311905492
43.35,7.8,2177.0,0.311905492
43.35,7.79,0.0,0.311905492
43.37,7.73,176.4,0.311905492
43.38,7.67,156.8,0.311905492
43.4,7.61,156.8,0.311905492
43.22,7.13,0.0,0.311905492
43.16,7.12,39.2,0.311905492
43.11,7.0,0.0,0.311905492
43.09,6.94,0.0,0.311905492
43.08,6.89,19.6,0.311905492
43.12,6.89,0.0,0.311905492
42.96,6.39,0.0,0.311905492
42.92,6.43,39.2,0.311905492
42.88,6.46,19.6,0.311905492
42.85,6.5,19.6,0.311905492
42.82,6.54,0.0,0.311905492
42.78,6.58,196.0,0.311905492
42.74,6.62,117.6,0.311905492
42.72,6.63,0.0,0.311905492
42.68,6.67,19.6,0.311905492
42.65,6.71,19.6,0.311905492
42.61,6.76,132.3,0.311905492
42.57,6.8,176.4,0.311905492
42.52,6.85,63.7,0.311905492
42.48,6.89,0.0,0.311905492
42.43,6.94,0.0,0.311905492
42.38,6.98,39.2,0.311905492
42.22,7.12,0.0,0.311905492
42.25,7.14,0.0,0.311905492
42.28,7.19,0.0,0.311905492
42.3,7.23,0.0,0.311905492
42.34,7.29,19.6,0.311905492
42.37,7.34,39.2,0.311905492
42.4,7.39,0.0,0.311905492
42.42,7.42,0.0,0.311905492
42.47,7.45,19.6,0.311905492
42.52,7.47,58.8,0.311905492
42.56,7.48,0.0,0.311905492
42.6,7.49,78.4,0.311905492
42.64,7.45,19.6,0.311905492
42.64,7.43,0.0,0.311905492
42.68,7.39,117.6,0.311905492
42.71,7.34,0.0,0.311905492
42.74,7.29,214.0,0.311905492
42.78,7.24,19.6,0.311905492
42.81,7.19,117.6,0.311905492
42.85,7.15,0.0,0.311905492
42.91,7.02,0.0,0.311905492
42.94,6.97,78.4,0.311905492
42.97,6.98,19.6,0.311905492
43.48,7.15,0.0,0.311905492
43.45,7.2,0.0,0.311905492
43.43,7.25,0.0,0.311905492
43.4,7.35,0.0,0.311905492
43.38,7.37,0.0,0.311905492
43.34,7.4,135.6,0.311905492
43.33,7.41,0.0,0.311905492
43.29,7.45,0.0,0.311905492
43.26,7.48,0.0,0.311905492
43.26,7.48,0.0,0.311905492
43.24,7.43,254.8,0.311905492
43.23,7.33,0.0,0.311905492
43.22,7.26,194.4,0.311905492
43.18,7.25,0.0,0.311905492
43.16,7.24,0.0,0.311905492
43.13,7.25,0.0,0.311905492
43.13,7.25,0.0,0.311905492
43.13,7.23,0.0,0.311905492
43.1,7.07,0.0,0.311905492
43.09,7.02,0.0,0.311905492
43.0,6.97,0.0,0.311905492
42.98,6.93,0.0,0.311905492
42.83,6.67,58.8,0.311905492
42.96,6.38,0.0,0.311905492
42.92,6.42,0.0,0.311905492
42.88,6.47,176.4,0.311905492
42.84,6.51,254.8,0.311905492
42.8,6.55,117.6,0.311905492
42.78,6.58,0.0,0.311905492
42.74,6.62,58.8,0.311905492
42.7,6.67,19.6,0.311905492
42.66,6.71,39.2,0.311905492
42.61,6.75,39.2,0.311905492
42.57,6.79,137.2,0.311905492
42.53,6.84,19.6,0.311905492
42.45,7.24,0.0,0.311905492
42.49,7.28,0.0,0.311905492
42.78,7.16,0.0,0.311905492
42.83,7.15,137.2,0.311905492
42.88,7.15,78.4,0.311905492
42.9,7.11,0.0,0.311905492
42.95,7.11,294.0,0.311905492
43.0,7.12,738.52,0.311905492
43.05,7.13,102.9,0.311905492
43.1,7.13,39.2,0.311905492
43.13,7.17,155.2,0.311905492
43.16,7.23,39.2,0.311905492
43.18,7.31,0.0,0.311905492
43.21,7.36,117.6,0.311905492
43.25,7.41,39.2,0.311905492
43.28,7.46,271.3,0.311905492
43.31,7.5,39.2,0.311905492
43.32,7.51,0.0,0.311905492
43.35,7.46,174.8,0.311905492
43.38,7.4,19.6,0.311905492
43.42,7.35,19.6,0.311905492
43.46,7.3,0.0,0.311905492
43.5,7.25,254.8,0.311905492
43.53,7.21,98.0,0.311905492
43.28,7.21,0.0,0.311905492
43.26,7.27,0.0,0.311905492
43.23,7.31,0.0,0.311905492
43.21,7.32,0.0,0.311905492
43.17,7.35,0.0,0.311905492
43.14,7.37,0.0,0.311905492
43.1,7.4,19.6,0.311905492
43.05,7.43,19.6,0.311905492
43.04,7.45,0.0,0.311905492
42.99,7.48,0.0,0.311905492
42.94,7.51,0.0,0.311905492
42.51,8.52,0.0,0.311905492
42.55,8.54,135.6,0.311905492
42.6,8.56,0.0,0.311905492
42.63,8.59,0.0,0.311905492
42.66,8.62,19.6,0.311905492
42.69,8.66,0.0,0.311905492
42.73,8.66,0.0,0.311905492
42.78,8.66,0.0,0.311905492
43.11,8.4,0.0,0.311905492
43.13,8.36,0.0,0.311905492
43.17,8.29,0.0,0.311905492
43.15,8.33,0.0,0.311905492
43.15,8.32,0.0,0.311905492
43.11,8.28,292.4,0.311905492
43.08,8.25,0.0,0.311905492
43.08,8.24,0.0,0.311905492
43.05,8.2,0.0,0.311905492
43.01,8.16,19.6,0.311905492
42.98,8.11,0.0,0.311905492
42.99,8.05,0.0,0.311905492
42.99,8.04,0.0,0.311905492
43.02,7.97,0.0,0.311905492
43.07,7.85,0.0,0.311905492
43.09,7.81,0.0,0.311905492
43.1,7.76,19.6,0.311905492
43.11,7.69,271.3,0.311905492
43.11,7.64,0.0,0.311905492
43.13,7.65,0.0,0.311905492
43.13,7.59,19.6,0.311905492
43.12,7.53,19.6,0.311905492
43.12,7.47,0.0,0.311905492
42.86,6.78,0.0,0.311905492
42.88,6.82,0.0,0.311905492
42.9,6.86,0.0,0.311905492
42.92,6.9,0.0,0.311905492
42.94,6.94,39.2,0.311905492
42.96,6.99,0.0,0.311905492
42.98,7.03,19.6,0.311905492
42.99,7.04,0.0,0.311905492
43.02,7.06,313.6,0.311905492
43.07,7.08,19.6,0.311905492
43.1,7.1,39.2,0.311905492
43.13,7.09,0.0,0.311905492
43.17,7.12,39.2,0.311905492
43.19,7.15,0.0,0.311905492
43.23,7.18,0.0,0.311905492
42.87,6.83,0.0,0.311905492
42.86,6.77,19.6,0.311905492
42.84,6.7,19.6,0.311905492
42.83,6.65,351.2,0.311905492
42.83,6.61,0.0,0.311905492
42.82,6.55,156.8,0.311905492
42.8,6.49,39.2,0.311905492
42.81,6.47,0.0,0.311905492
42.79,6.41,0.0,0.311905492
42.77,6.35,19.6,0.311905492
42.72,6.35,0.0,0.311905492
42.72,6.29,19.6,0.311905492
42.72,6.23,0.0,0.311905492
42.71,6.24,0.0,0.311905492
42.71,6.24,0.0,0.311905492
42.67,6.21,19.6,0.311905492
42.62,6.19,19.6,0.311905492
42.58,6.17,19.6,0.311905492
42.53,6.15,0.0,0.311905492
42.49,6.13,0.0,0.311905492
42.51,6.06,0.0,0.311905492
42.52,6.01,0.0,0.311905492
42.53,5.96,0.0,0.311905492
42.55,5.9,19.6,0.311905492
42.58,5.89,0.0,0.311905492
42.62,5.92,176.4,0.311905492
42.67,5.94,196.0,0.311905492
42.7,5.96,39.2,0.311905492
42.79,5.97,0.0,0.311905492
42.77,6.02,0.0,0.311905492
42.74,6.07,19.6,0.311905492
42.72,6.11,19.6,0.311905492
42.72,6.16,19.6,0.311905492
42.73,6.22,58.8,0.311905492
42.75,6.27,0.0,0.311905492
42.8,6.28,0.0,0.311905492
42.79,6.33,19.6,0.311905492
42.78,6.34,0.0,0.311905492
42.79,6.36,0.0,0.311905492
42.8,6.4,39.2,0.311905492
42.8,6.45,0.0,0.311905492
42.96,6.38,0.0,0.311905492
42.92,6.42,194.4,0.311905492
42.88,6.46,271.3,0.311905492
42.85,6.5,406.9,0.311905492
42.81,6.54,0.0,0.311905492
42.77,6.59,0.0,0.311905492
42.73,6.63,0.0,0.311905492
42.69,6.68,0.0,0.311905492
42.64,6.78,0.0,0.311905492
42.6,6.81,194.4,0.311905492
42.37,7.05,0.0,0.311905492
42.33,7.08,0.0,0.311905492
42.76,5.99,0.0,0.311905492
42.77,5.92,0.0,0.311905492
42.78,5.85,19.6,0.311905492
43.07,5.65,0.0,0.311905492
43.06,5.58,0.0,0.311905492
43.05,5.52,19.6,0.311905492
43.04,5.45,0.0,0.311905492
42.85,5.03,0.0,0.311905492
42.81,4.99,155.2,0.311905492
42.79,4.97,39.2,0.311905492
42.79,4.97,0.0,0.311905492
42.77,4.96,19.6,0.311905492
42.72,4.96,0.0,0.311905492
42.67,4.96,19.6,0.311905492
42.63,4.98,19.6,0.311905492
42.59,5.02,0.0,0.311905492
42.55,5.05,0.0,0.311905492
42.51,5.09,156.8,0.311905492
42.9,5.72,0.0,0.311905492
42.89,5.78,19.6,0.311905492
42.88,5.8,0.0,0.311905492
42.92,5.83,0.0,0.311905492
42.95,5.86,58.8,0.311905492
42.95,5.86,0.0,0.311905492
42.93,5.9,330.1,0.311905492
42.92,5.94,19.6,0.311905492
42.9,5.99,39.2,0.311905492
-33.91,18.32,1044.7,0.474553783
-34.5,16.88,32.2,0.474553783
-34.5,13.77,49.1,0.474553783
-34.5,12.63,12.1,0.474553783
-34.5,8.13,100.6,0.347388509
-34.5,3.39,345.6,0.296392069
-34.5,2.74,24.0,0.296392069
-34.65,-0.7,236.4,0.296392069
-34.8,-1.42,312.4,0.296392069
-34.95,-2.13,306.2,0.296392069
-35.06,-2.66,140.7,0.296392069
-35.94,-6.92,14.1,0.264581685
-36.1,-7.7,14.2,0.264581685
-36.26,-8.49,502.1,0.264581685
-37.42,-12.46,133.3,0.25728849800000003
-38.2,-11.76,0.0,0.264581685
-37.04,-12.24,7.5,0.25728849800000003
-36.71,-8.46,0.0,0.264581685
-36.64,-7.75,0.0,0.264581685
-36.58,-7.04,146.1,0.264581685
-36.52,-6.37,38.4,0.264581685
-36.45,-5.54,0.0,0.264581685
-36.14,-2.02,41.7,0.296392069
-36.09,-1.39,191.6,0.296392069
-36.03,-0.75,209.8,0.296392069
-35.96,-0.06,184.1,0.296392069
-35.88,0.62,30.700000000000006,0.296392069
-35.28,5.91,58.1,0.347388509
-35.19,6.74,97.2,0.347388509
-35.11,7.42,308.0,0.347388509
-35.04,8.11,477.0,0.347388509
-34.96,8.8,302.1,0.347388509
-34.43,13.47,182.6,0.474553783
-34.38,14.06,17.5,0.474553783
-34.38,14.49,28.2,0.474553783
-34.39,14.96,1404.0,0.474553783
-34.39,15.44,249.4,0.474553783
-33.9,18.29,224.4,0.474553783
-34.0,15.09,12.9,0.474553783
-34.67,14.16,0.0,0.474553783
-35.14,13.8,0.0,0.474553783
-37.66,11.9,0.0,0.347388509
-38.52,11.23,59.9,0.347388509
-39.13,10.75,0.0,0.347388509
-42.42,8.09,0.0,0.347388509
-42.91,7.92,0.0,0.347388509
-44.77,6.92,0.0,0.215891801
-45.27,6.43,0.0,0.215891801
-45.79,5.91,0.0,0.215891801
-46.09,5.61,0.0,0.215891801
-47.84,3.89,0.0,0.213966157
-48.28,3.43,0.0,0.213966157
-48.63,3.03,0.0,0.213966157
-50.15,1.4,0.0,0.213966157
-50.68,0.83,0.0,0.213966157
-51.11,0.34,0.0,0.213966157
-51.37,0.02,0.0,0.213966157
-54.06,0.0,0.0,0.213966157
-54.88,0.0,0.0,0.213966157
-57.73,0.0,0.0,0.136606911
-58.76,0.0,0.0,0.136606911
-59.48,0.01,114.0,0.136606911
-62.02,0.0,0.0,0.136606911
-63.1,0.0,0.0,0.136606911
5.63,83.14,0.02,0.538786172
5.71,83.71,2.01,0.538786172
5.9,85.0,11.46,0.362944499
5.97,85.7,1.3,0.362944499
6.16,86.94,0.26,0.362944499
6.24,87.62,1.44,0.362944499
6.42,88.75,0.12,0.362944499
6.47,89.37,8.639999999999999,0.362944499
6.63,90.56,0.31999999999999995,0.362944499
6.52,91.14,11.79,0.362944499
6.48,92.26,50.72,0.566620883
6.49,92.9,49.21,0.566620883
6.55,93.68,0.5800000000000001,0.566620883
6.7,94.13,0.29000000000000004,0.566620883
6.85,94.86,8.9,0.566620883
6.93,95.34,4.2700000000000005,0.566620883
7.01,96.3,2.72,0.566620883
7.28,96.9,3.3,0.566620883
2.3,101.85,16063.4,0.540856416
2.42,101.69,32136.0,0.540856416
2.65,101.38,17373.6,0.540856416
2.86,100.98,20772.6,0.540856416
3.16,100.64,4304.6,0.540856416
3.47,100.26,913.2,0.540856416
5.51,97.48,5705.0,0.566620883
5.64,97.03,5306.0999999999985,0.566620883
5.77,96.59,2856.3,0.566620883
5.9,96.15,977.6,0.566620883
6.03,95.71,717.3,0.566620883
6.17,95.28,322.9000000000001,0.566620883
6.98,92.55,676.5,0.566620883
7.13,92.03,2329.6,0.566620883
7.27,91.55,642.9,0.362944499
7.41,91.07,1659.9,0.362944499
8.74,89.26,15.7,0.362944499
9.11,89.15,1763.3,0.436721604
9.5,89.04,91.4,0.436721604
9.93,88.92,226.0,0.436721604
10.36,88.8,48.7,0.436721604
10.8,88.68,54.2,0.436721604
11.84,88.6,48.3,0.436721604
12.29,88.72,112.3,0.436721604
12.75,88.75,360.1,0.436721604
14.82,89.1,234.6,0.436721604
15.28,89.17,65.0,0.436721604
17.47,89.51,1340.2,0.430425402
18.02,89.55,565.4000000000002,0.430425402
17.94,89.34,1995.0,0.430425402
18.03,89.68,315.6,0.430425402
17.53,89.64,2251.9,0.430425402
16.04,87.96,21.8,0.436721604
16.48,87.82,18.2,0.436721604
16.04,87.87,58.6,0.436721604
15.88,88.27,1347.8,0.436721604
15.5,88.55,8.2,0.436721604
15.13,88.83,13.3,0.436721604
12.69,88.78,444.9,0.436721604
12.14,88.7,581.0,0.436721604
9.39,89.07,11.3,0.436721604
8.84,89.29,24.1,0.436721604
8.29,89.39,12.5,0.362944499
7.86,89.54,2.5,0.362944499
7.45,89.69,110.5,0.362944499
7.03,89.84,1306.5,0.362944499
6.72,90.01,102.4,0.362944499
6.81,91.38,53.8,0.362944499
6.71,91.83,111.6,0.362944499
6.63,92.23,259.1,0.566620883
6.55,92.62,2037.0,0.566620883
6.46,93.02,366.2000000000001,0.566620883
6.38,93.42,680.5,0.566620883
5.75,96.15,1635.6,0.566620883
5.64,96.56,681.9,0.566620883
5.53,96.96,1814.6,0.566620883
5.42,97.35,2123.9,0.566620883
5.23,97.71,1311.6,0.566620883
5.0,98.06,3954.3,0.566620883
3.29,100.29,426.3,0.540856416
3.02,100.63,118.7,0.540856416
2.8,100.98,2322.5,0.540856416
2.6,101.35,2250.9,0.540856416
2.36,101.69,1534.8,0.540856416
