"GRIDCODE,N,10,0","X_COORD,N,18,5","Y_COORD,N,18,5","AllTaxa,N,19,11","AllNorm,N,19,11","CoastNorm,N,19,11","OceanNorm,N,19,11"
1,-176,69.98829,211.409304831,0.13614937,0.120490883,0.154417605
2,-168,69.98829,228.70771772,0.145124533,0.143621812,0.146877708
3,-160,69.98829,264.761520088,0.150420706,0.150823315,0.149950996
4,-152,69.98829,258.294275488,0.194729833,0.186301269,0.204563158
5,-144,69.98829,325.114161163,0.204674332,0.189906336,0.22190366
6,-136,69.98829,236.086689002,0.190221399,0.168377287,0.215706196
7,-128,69.98829,69.082556897,0.041727204,0.031679006,0.053450102
8,-120,69.98829,65.876464627,0.034910717,0.031706467,0.03864901
9,-112,69.98829,59.7884682693,0.031436033,0.031454825,0.031414109
10,-104,69.98829,69.7906197507,0.030353043,0.032060862,0.028360586
11,-96,69.98829,114.909536479,0.06452748,0.076978673,0.050001088
12,-88,69.98829,48.2874774584,0.064822154,0.074535731,0.053489649
13,-80,69.98829,65.5703979452,0.081547325,0.097661347,0.062747632
14,-72,69.98829,75.3614801028,0.096657049,0.097795556,0.095328791
15,-64,69.98829,113.108585012,0.111247724,0.110188884,0.112483037
16,-56,69.98829,109.525226107,0.130466876,0.109684713,0.154712733
17,-48,69.98829,115.92430724,0.140510575,0.109873095,0.176254301
18,-40,69.98829,122.14534999,0.140027387,0.097197049,0.189996115
19,-32,69.98829,123.78268466,0.217896122,0.114663751,0.338333888
20,-24,69.98829,147.982142857,0.25335718,0.156448835,0.366416916
21,-16,69.98829,113,0.252382403,0.16110112,0.358877234
22,-8,69.98829,209.2272727,0.269595434,0.206395326,0.343328893
23,0,69.98829,183.68181818,0.24312061,0.177528924,0.319644245
24,8,69.98829,230.3809524,0.222294793,0.177668353,0.274358974
25,16,69.98829,174.233657321,0.158075698,0.144603401,0.173793379
26,24,69.98829,85.7653941287,0.139808923,0.119735483,0.163227936
27,32,69.98829,55.796210208,0.132946938,0.118239611,0.150105486
28,40,69.98829,59.0184266732,0.125860054,0.113203756,0.140625736
29,48,69.98829,57.1057394544,0.10399958,0.083439295,0.127986579
30,56,69.98829,54.7791935799,0.087558181,0.074335524,0.102984615
31,64,69.98829,42.9133328414,0.074641869,0.059582584,0.092211034
32,72,69.98829,36.2192139206,0.063208509,0.059527619,0.067502882
33,80,69.98829,30.6868398227,0.048336508,0.058232919,0.036790695
34,88,69.98829,28.7747873646,0.049632677,0.058079954,0.03977752
35,96,69.98829,28.9329682232,0.046345482,0.058177614,0.032541328
37,112,69.98829,46.4323786848,0.039654386,0.044916592,0.033515144
38,120,69.98829,43.9392175358,0.039269262,0.044784016,0.032835383
39,128,69.98829,52.9150933479,0.041945215,0.045216695,0.038128487
40,136,69.98829,52.7684621029,0.0384713,0.045317395,0.03048419
41,144,69.98829,93.4266324699,0.108852416,0.099986584,0.119195888
42,152,69.98829,96.3754207863,0.110437519,0.100102294,0.122495281
43,160,69.98829,113.82126211,0.13000839,0.119102081,0.142732417
44,168,69.98829,115.423121888,0.139931224,0.123041753,0.159635607
45,176,69.98829,126.951907265,0.128036936,0.115834311,0.142273333
46,-176,51.74316,221.127673827,0.20999966,0.147133655,0.283343332
47,-168,51.74316,310.933337781,0.228749624,0.16619176,0.3017338
48,-160,51.74316,287.971655443,0.232754865,0.172731626,0.302781978
49,-152,51.74316,293.637577099,0.19594674,0.101873206,0.305699197
50,-144,51.74316,63,0.169575723,0.070975057,0.284609835
51,-136,51.74316,271.479024751,0.231911893,0.127713937,0.353476175
52,-128,51.74316,362.225,0.241593573,0.151333024,0.346897547
57,-88,51.74316,72.7317266859,0.053692458,0.046081887,0.062571457
58,-80,51.74316,91.9353050589,0.061856898,0.069345294,0.053120437
60,-64,51.74316,232.651661458,0.205308768,0.137500246,0.28441871
61,-56,51.74316,214.6818182,0.236306475,0.140455663,0.348132423
62,-48,51.74316,79.2,0.24418923,0.11413745,0.395916306
63,-40,51.74316,82,0.242403964,0.088274028,0.422222222
64,-32,51.74316,87.3087667909,0.238514244,0.058634223,0.448374268
65,-24,51.74316,93.83333333,0.239713919,0.034183673,0.479499204
66,-16,51.74316,117.66666667,0.283428324,0.098940345,0.498664299
67,-8,51.74316,339.524910564,0.325517961,0.187787869,0.486203068
68,0,51.74316,292.368310843,0.280437736,0.175183905,0.403233872
69,8,51.74316,237.909987998,0.191532834,0.12520922,0.268910384
70,16,51.74316,222.517824094,0.216635787,0.171518919,0.269272134
85,136,51.74316,165.455823555,0.194514603,0.174288711,0.218111478
86,144,51.74316,192.698016189,0.249225975,0.217329126,0.286438965
87,152,51.74316,157.39665375,0.238135565,0.153323785,0.337082642
88,160,51.74316,165.067021086,0.222576513,0.142753834,0.315702972
89,168,51.74316,127.33333333,0.19196761,0.121241783,0.274481074
90,176,51.74316,228.172481597,0.183481749,0.10872415,0.270698948
91,-176,40.03754,99.963146076,0.28341174,0.02244898,0.587868294
92,-168,40.03754,100.802292664,0.286636684,0.02244898,0.594855672
93,-160,40.03754,94.9396892318,0.269339965,0.02244898,0.557379448
94,-152,40.03754,96.1900760964,0.27767429,0.036734694,0.558770486
95,-144,40.03754,93.3801284534,0.267364709,0.036734694,0.536433059
96,-136,40.03754,94.4441723827,0.279060981,0.036734694,0.561774984
97,-128,40.03754,323.988278566,0.369912739,0.171937827,0.600883469
98,-120,40.03754,404.983967476,0.332686398,0.189175308,0.500116003
103,-80,40.03754,424.512651402,0.309327798,0.09479807,0.559612479
104,-72,40.03754,764.27472523,0.463362897,0.212336432,0.756227106
105,-64,40.03754,726.36559143,0.446071715,0.169270112,0.769006919
106,-56,40.03754,301.477763397,0.369943063,0.107513111,0.67611134
107,-48,40.03754,106.693622718,0.284687278,0.027276295,0.585000091
108,-40,40.03754,96.0992698557,0.261041828,0.017700157,0.544940444
109,-32,40.03754,220.22568195,0.328535902,0.049084871,0.654562105
110,-24,40.03754,305.1505122,0.341549219,0.049433422,0.682350982
111,-16,40.03754,119.94885202,0.327966395,0.042229199,0.661326456
112,-8,40.03754,316.0709821,0.450174828,0.223951055,0.714102564
113,0,40.03754,285.070248619,0.375347002,0.228301896,0.546899625
114,8,40.03754,329.816487022,0.311905492,0.210794672,0.429868114
115,16,40.03754,276.735025583,0.311744747,0.211577809,0.428606175
116,24,40.03754,305.77216312,0.289945478,0.192750123,0.403340059
128,120,40.03754,598.671640159,0.212526311,0.170073506,0.262054584
129,128,40.03754,681.811479533,0.434284937,0.316612471,0.571569481
130,136,40.03754,764.493000988,0.579306501,0.429759647,0.75377783
131,144,40.03754,518.227944943,0.520338956,0.319864719,0.754225566
132,152,40.03754,241.918828632,0.363757357,0.119809215,0.648363523
133,160,40.03754,108.701160246,0.29901025,0.023822606,0.620062501
134,168,40.03754,106.658878914,0.286794072,0.027943485,0.588786424
135,176,40.03754,94.9782303745,0.264336199,0.02244898,0.546537954
136,-176,30.1738,389.1561072,0.297257599,0.05921409,0.574975025
137,-168,30.1738,324.946841605,0.304798646,0.047574076,0.604893978
138,-160,30.1738,106.541978865,0.301794413,0.012244898,0.63960218
139,-152,30.1738,109.548393388,0.312407956,0.012244898,0.662598189
140,-144,30.1738,103.167804332,0.288488363,0.008163265,0.615534311
141,-136,30.1738,103.464762538,0.288517194,0.008163265,0.615596777
142,-128,30.1738,119.953969695,0.355372637,0.082993197,0.673148649
143,-120,30.1738,431.505970878,0.417153829,0.174602572,0.700130297
144,-112,30.1738,825.458537624,0.375870714,0.215390893,0.563097171
146,-96,30.1738,670.755102,0.39926719,0.204376187,0.626640027
147,-88,30.1738,801.0761905,0.46511967,0.257721175,0.707084582
148,-80,30.1738,1126.4013158,0.517017158,0.31891836,0.748132423
149,-72,30.1738,242.66666667,0.465806343,0.208100493,0.766463166
150,-64,30.1738,330.75,0.362526844,0.108828575,0.658508159
151,-56,30.1738,106.973686419,0.301756045,0.049939976,0.595541459
152,-48,30.1738,104,0.282960403,0.044283867,0.561416361
153,-40,30.1738,103.4,0.280097776,0.027477145,0.574821845
154,-32,30.1738,112.030800604,0.308404549,0.030185151,0.632993847
155,-24,30.1738,130,0.34828761,0.048979592,0.697480297
156,-16,30.1738,332.0333333,0.48116094,0.203460442,0.805144855
157,-8,30.1738,271.743992013,0.403900941,0.186320219,0.657745117
160,16,30.1738,235.71861218,0.276788265,0.150961466,0.423586196
161,24,30.1738,262.629158855,0.284115838,0.182623971,0.402523016
162,32,30.1738,698.137852728,0.437668065,0.396840395,0.485300346
164,48,30.1738,916.869663171,0.198677555,0.169391932,0.232844115
165,56,30.1738,989.168424405,0.292694573,0.229964761,0.365879353
173,120,30.1738,1711.51604427,0.531357853,0.491573912,0.57777245
174,128,30.1738,1975.807384,0.733517745,0.617054339,0.869391719
175,136,30.1738,1419.15252538,0.666606948,0.491280964,0.87115393
176,144,30.1738,732.5244678,0.486713221,0.263602942,0.747008547
177,152,30.1738,112.617463788,0.297953537,0.016326531,0.626518377
178,160,30.1738,108.710454704,0.284530636,0.017700157,0.595832862
179,168,30.1738,101.671314894,0.270332197,0.016326531,0.56667214
180,176,30.1738,105.661752319,0.270348495,0.017344251,0.565520114
181,-176,21.24611,154.955040554,0.298155162,0.049016688,0.588816714
182,-168,21.24611,381.3395296,0.333262331,0.070340523,0.64000444
183,-160,21.24611,759.7230769,0.396051413,0.127441659,0.709429459
184,-152,21.24611,638.849373522,0.372287706,0.111225545,0.676860227
185,-144,21.24611,104.977877673,0.299215798,0.012244898,0.634015182
186,-136,21.24611,102.995956115,0.287256211,0.008163265,0.612864647
187,-128,21.24611,104.290507807,0.29136709,0.008163265,0.621771552
188,-120,21.24611,115.970633665,0.314534451,0.049005756,0.624317928
189,-112,21.24611,810.308019275,0.409505814,0.197988032,0.65627656
190,-104,21.24611,831.566414281,0.339088808,0.179180819,0.525648128
191,-96,21.24611,595.7202381,0.415093546,0.213309283,0.650508519
192,-88,21.24611,741.94633837,0.461430044,0.27538973,0.678477078
193,-80,21.24611,1092.6363636,0.519611481,0.335888522,0.733954934
194,-72,21.24611,1587.877355,0.478194633,0.305223362,0.67999445
195,-64,21.24611,897.0104167,0.415490533,0.260974022,0.595759796
196,-56,21.24611,113.968115687,0.323752581,0.094851274,0.590804106
197,-48,21.24611,98.33333333,0.263449497,0.052687229,0.509338809
198,-40,21.24611,105,0.29491504,0.049939976,0.580719281
199,-32,21.24611,117,0.326255494,0.062184874,0.634337884
200,-24,21.24611,361.4093757,0.417572176,0.130606308,0.75236569
201,-16,21.24611,419.6570697,0.474864318,0.226031021,0.76516983
208,40,21.24611,1315.05555404,0.301485951,0.309719933,0.291879639
210,56,21.24611,1171.8546097,0.380068315,0.286898194,0.488766789
211,64,21.24611,1095.72080053,0.36160969,0.266598354,0.472456247
212,72,21.24611,1151.76923,0.38618606,0.316374939,0.467632368
214,88,21.24611,1506.019474,0.430425402,0.409035121,0.45538073
215,96,21.24611,1501.9610195,0.373666473,0.383563657,0.362119758
216,104,21.24611,1301.93102063,0.347263368,0.352446549,0.341216322
217,112,21.24611,2444.31990979,0.589437076,0.532990434,0.655291492
218,120,21.24611,3409.47772921,0.77160941,0.754945129,0.791051071
219,128,21.24611,1672.99583614,0.590714339,0.470152919,0.731369328
220,136,21.24611,118.666775124,0.32254087,0.059503773,0.629417482
221,144,21.24611,872.7535514,0.363058996,0.157140961,0.603296703
222,152,21.24611,334.3995422,0.298120454,0.042506275,0.596336996
223,160,21.24611,102.574086578,0.284634604,0.0208974,0.592328009
224,168,21.24611,400.062562243,0.287043973,0.043075756,0.57167356
225,176,21.24611,103.230616071,0.274209205,0.021386637,0.569168868
226,-176,12.84422,104.322741198,0.291881158,0.016571149,0.613076168
227,-168,12.84422,389.4205556,0.335943029,0.051252553,0.668081918
228,-160,12.84422,110.807355103,0.325122303,0.028344671,0.671362873
229,-152,12.84422,108.82186685,0.309741597,0.028344671,0.63803801
230,-144,12.84422,102.930801572,0.287706479,0.012244898,0.609078324
231,-136,12.84422,93.8578291833,0.261565837,0.008163265,0.55720217
232,-128,12.84422,95.824516686,0.263760192,0.008163265,0.561956606
233,-120,12.84422,92.8275301777,0.259374876,0.008163265,0.552455088
234,-112,12.84422,354.538606985,0.262327116,0.033639624,0.529129189
235,-104,12.84422,378.483900676,0.323753589,0.114094657,0.568355675
236,-96,12.84422,859.641856286,0.335677885,0.139524362,0.564523662
237,-88,12.84422,1482.03486138,0.478112378,0.319500534,0.663159529
238,-80,12.84422,1635.47322589,0.485781202,0.347585013,0.647010089
239,-72,12.84422,1120.5326531,0.450662302,0.300452671,0.625906871
240,-64,12.84422,1009.529661,0.470487039,0.309987323,0.657736708
241,-56,12.84422,778.2164179,0.430884072,0.257850878,0.632756133
242,-48,12.84422,108,0.301074114,0.085820482,0.552203352
243,-40,12.84422,103,0.295965121,0.066746699,0.563386613
244,-32,12.84422,109.230857828,0.315246067,0.074909964,0.595638188
245,-24,12.84422,362.45484703,0.405226634,0.149511245,0.703561254
246,-16,12.84422,550.8965517,0.475687917,0.2381514,0.752813853
253,40,12.84422,1602.91615462,0.353111928,0.336945502,0.371972757
254,48,12.84422,1447.703743,0.428173837,0.314903117,0.56032301
255,56,12.84422,1206.69458453,0.423615312,0.297336861,0.570940171
256,64,12.84422,101,0.282697845,0.057863145,0.545004995
257,72,12.84422,1213.8830024,0.495084455,0.41952248,0.583240093
258,80,12.84422,1416.42221556,0.53287188,0.504641685,0.565807107
259,88,12.84422,406.33333333,0.436721604,0.340911851,0.548499648
260,96,12.84422,1827.247987,0.532381019,0.534810313,0.529546842
261,104,12.84422,1666.79422411,0.494759556,0.534619636,0.448256129
262,112,12.84422,1789.93069643,0.573665452,0.539427608,0.613609602
263,120,12.84422,3165.82736478,0.686432042,0.650443126,0.728419112
264,128,12.84422,2803.80033155,0.608192685,0.57258712,0.649732511
265,136,12.84422,1145.66650082,0.412776783,0.257091189,0.594409976
266,144,12.84422,1404.9328981,0.434924257,0.293744735,0.5996337
267,152,12.84422,819.458568775,0.390573393,0.208735242,0.602717904
268,160,12.84422,857.52582541,0.386916288,0.181312179,0.626787749
269,168,12.84422,989.934730652,0.366372237,0.172980335,0.591996122
270,176,12.84422,135.460729241,0.286785692,0.032824682,0.583073537
271,-176,4.72115,321.0037628,0.260432417,0.029300277,0.53008658
272,-168,4.72115,98.0027010299,0.272389066,0.017060386,0.570272526
273,-160,4.72115,737.206564864,0.292712033,0.058318642,0.566170989
274,-152,4.72115,94.4230144808,0.259265609,0.017060386,0.54183837
275,-144,4.72115,95.5696556428,0.268068407,0.008163265,0.571291072
276,-136,4.72115,94.6757347085,0.263212199,0.008163265,0.560769289
277,-128,4.72115,97.9084999335,0.272600242,0.008163265,0.581110048
278,-120,4.72115,97.2401294045,0.271478187,0.008163265,0.57867893
279,-112,4.72115,96.3654037934,0.269827017,0.008163265,0.575101394
280,-104,4.72115,88,0.247785548,0.008163265,0.527344877
281,-96,4.72115,281.9619231,0.328686372,0.098001392,0.597818848
282,-88,4.72115,419.37179483,0.379738061,0.168896699,0.625719651
283,-80,4.72115,1425.3474548,0.464410468,0.31921781,0.633801901
286,-56,4.72115,549.735221921,0.388079614,0.21541606,0.589520427
287,-48,4.72115,432.53333333,0.346041883,0.158634813,0.564683465
288,-40,4.72115,107,0.310586397,0.087154862,0.571256521
289,-32,4.72115,101.75,0.307555454,0.058583433,0.598022811
290,-24,4.72115,118,0.343732738,0.078991597,0.652597403
291,-16,4.72115,470.794153969,0.408742413,0.185394254,0.669315267
292,-8,4.72115,511.1767677,0.390813389,0.194606055,0.619721945
293,0,4.72115,481.25,0.395091374,0.187449319,0.637340437
294,8,4.72115,531.8900524,0.365616568,0.182693744,0.579026529
299,48,4.72115,1428.18921482,0.421938076,0.287430263,0.578863858
300,56,4.72115,183,0.340217415,0.146170386,0.566605617
301,64,4.72115,97.4806956952,0.272090956,0.04969988,0.531547211
302,72,4.72115,1271.579164,0.507976653,0.401210721,0.632536908
303,80,4.72115,1366.3211385,0.538786172,0.473147012,0.61536519
304,88,4.72115,173.5,0.362944499,0.197247529,0.556257631
305,96,4.72115,1823.28624633,0.566620883,0.546936207,0.58958634
306,104,4.72115,1980.14667637,0.540856416,0.608933269,0.46143342
307,112,4.72115,1982.95847977,0.585014037,0.612657768,0.552763016
308,120,4.72115,2612.307086,0.62467563,0.624944194,0.624362304
309,128,4.72115,2485.19724068,0.578551559,0.528315691,0.637160071
310,136,4.72115,1725.90309656,0.48931564,0.398058537,0.595782261
311,144,4.72115,963.248173812,0.427128222,0.299519537,0.576005022
312,152,4.72115,1213.56842395,0.43520248,0.290361267,0.604183894
313,160,4.72115,1102.6400352,0.392430267,0.215476676,0.598876124
314,168,4.72115,1108.17477335,0.38086259,0.198344468,0.593800399
315,176,4.72115,1078.58106346,0.358122542,0.184134418,0.561108686
316,-176,-3.3057,838.491934738,0.319585174,0.112738513,0.56090628
317,-168,-3.3057,827.026538072,0.320029384,0.099852547,0.576902362
318,-160,-3.3057,508.590667988,0.295153178,0.068742007,0.559299544
319,-152,-3.3057,585.340330993,0.297340331,0.076664666,0.554795273
320,-144,-3.3057,102.782707334,0.259159107,0.010854068,0.548848319
321,-136,-3.3057,106.31748477,0.284433956,0.010120212,0.604466657
322,-128,-3.3057,100.041868923,0.288109098,0.008163265,0.61471257
323,-120,-3.3057,98.9509981649,0.285762825,0.008163265,0.609628977
324,-112,-3.3057,94,0.267365967,0.008163265,0.56976912
325,-104,-3.3057,90,0.255137171,0.008163265,0.543273393
326,-96,-3.3057,122.996738892,0.306919507,0.075974362,0.576355509
327,-88,-3.3057,454.0265306,0.327751918,0.125150427,0.564120324
328,-80,-3.3057,594.055848,0.320725843,0.169883269,0.496708847
332,-48,-3.3057,556.567018926,0.308519031,0.155595716,0.486929566
333,-40,-3.3057,339.39907073,0.352081846,0.171117288,0.563207163
334,-32,-3.3057,257.13613912,0.365453819,0.176736834,0.585623636
335,-24,-3.3057,103.5,0.310067685,0.058583433,0.603465978
336,-16,-3.3057,106.33333333,0.314269039,0.066746699,0.603045103
337,-8,-3.3057,116,0.337971192,0.07628359,0.643273393
338,0,-3.3057,115.281470337,0.335133222,0.084220098,0.6278652
339,8,-3.3057,518.375,0.404559842,0.182584638,0.663530914
343,40,-3.3057,1625.70351677,0.460992661,0.344635301,0.596742913
344,48,-3.3057,398.562643042,0.39192182,0.215861062,0.597326039
345,56,-3.3057,1605.78135558,0.40770391,0.254025704,0.586995151
346,64,-3.3057,104.216145758,0.287745862,0.053554755,0.56096882
347,72,-3.3057,1215.5539611,0.390588239,0.217899922,0.592057942
348,80,-3.3057,105.038962218,0.297505815,0.083313325,0.547397054
349,88,-3.3057,104.33333333,0.295118808,0.087635054,0.537183187
350,96,-3.3057,1550.22031469,0.483971705,0.421680629,0.556644628
351,104,-3.3057,2265.367666,0.605473707,0.608852483,0.601531802
352,112,-3.3057,2082.66021573,0.519871263,0.575178507,0.455346145
353,120,-3.3057,2336.05356438,0.548722347,0.554100196,0.54244819
354,128,-3.3057,2210.34089093,0.566865756,0.543391985,0.594251822
355,136,-3.3057,2279.2092623,0.563437429,0.531480089,0.600720992
356,144,-3.3057,2124.25429306,0.535474185,0.48911828,0.589556075
357,152,-3.3057,2277.26837233,0.51828179,0.437592699,0.612419062
358,160,-3.3057,1360.79530923,0.419216239,0.254451077,0.611442261
359,168,-3.3057,851.689838648,0.373269074,0.173585699,0.606233011
360,176,-3.3057,1178.16040883,0.355724527,0.18624241,0.553453662
361,-176,-11.3996,1292.06682027,0.385829528,0.206509979,0.595035668
362,-168,-11.3996,1139.62031691,0.345447714,0.145439948,0.578790107
363,-160,-11.3996,833.4119384,0.321551568,0.093556523,0.587545788
364,-152,-11.3996,683.580899318,0.326897438,0.087497762,0.606197059
365,-144,-11.3996,887.8378676,0.33738401,0.101514408,0.612565213
366,-136,-11.3996,628.0025946,0.316226844,0.055034479,0.620951271
367,-128,-11.3996,97.5020093422,0.281537722,0.008163265,0.600474588
368,-120,-11.3996,100.588630152,0.29069192,0.008163265,0.620308685
369,-112,-11.3996,105,0.297182305,0.008163265,0.634371184
370,-104,-11.3996,101.418543381,0.285294095,0.008163265,0.608613397
371,-96,-11.3996,105,0.301864802,0.008163265,0.644516595
372,-88,-11.3996,95.8494245001,0.273632198,0.008163265,0.583345954
373,-80,-11.3996,450.257984263,0.319857294,0.093742311,0.583658107
378,-40,-11.3996,449.396133125,0.326347531,0.1737537,0.504373667
379,-32,-11.3996,348.3593883,0.36907491,0.160873194,0.611976912
380,-24,-11.3996,102,0.296920726,0.041776711,0.594588745
381,-16,-11.3996,259.16942167,0.31510888,0.060025795,0.612705813
382,-8,-11.3996,104.5,0.300492645,0.058583433,0.582720058
383,0,-11.3996,104,0.293408063,0.05995706,0.565767566
384,8,-11.3996,146.311802956,0.381432725,0.137516802,0.666001303
385,16,-11.3996,425.235296702,0.348405097,0.14813084,0.582058397
388,40,-11.3996,1665.27560567,0.480486745,0.360481837,0.620492471
389,48,-11.3996,1735.022388,0.483017393,0.357999905,0.628871129
390,56,-11.3996,1003.54000847,0.417400213,0.266915098,0.592966181
391,64,-11.3996,405.248609703,0.334457948,0.139580325,0.561815175
392,72,-11.3996,958.815329443,0.348520107,0.168613053,0.558411669
393,80,-11.3996,97.258646933,0.26824795,0.037454982,0.537506413
394,88,-11.3996,98.885716726,0.26907135,0.038828608,0.537687881
395,96,-11.3996,689.297411272,0.337360204,0.141408641,0.565970362
396,104,-11.3996,1512.75178145,0.536252807,0.470641173,0.612799715
397,112,-11.3996,1934.80612576,0.589176686,0.559623609,0.623655275
398,120,-11.3996,2144.68113455,0.623887594,0.603525891,0.647642913
399,128,-11.3996,1883.58300182,0.59347109,0.574930438,0.61510185
400,136,-11.3996,1381.93605347,0.535773511,0.533184706,0.538793783
401,144,-11.3996,2719.673152,0.636895136,0.638972894,0.634471084
402,152,-11.3996,2549.98252691,0.592142779,0.509300264,0.68879238
403,160,-11.3996,2415.995614,0.490355843,0.373065113,0.627195027
404,168,-11.3996,1614.75142101,0.463051631,0.305438462,0.646933663
405,176,-11.3996,1025.6756865,0.387035007,0.202243454,0.602625153
406,-176,-19.73712,1591.851528,0.395960715,0.226412176,0.593767344
407,-168,-19.73712,802.067405737,0.345107938,0.136065717,0.588990528
408,-160,-19.73712,857.909530965,0.313291396,0.099220134,0.563041202
409,-152,-19.73712,968.749023196,0.333458723,0.11710211,0.585874772
410,-144,-19.73712,958.11402353,0.326588512,0.120611045,0.566895558
411,-136,-19.73712,665.3130049,0.282666915,0.065664512,0.535836386
412,-128,-19.73712,301.879745938,0.274049913,0.024703166,0.564954451
413,-120,-19.73712,100.269357721,0.249860388,0.010120212,0.52955726
414,-112,-19.73712,92.66666667,0.249092788,0.008163265,0.53017723
415,-104,-19.73712,88.6623595732,0.235779661,0.008163265,0.501332123
416,-96,-19.73712,89.0439268768,0.246066679,0.008163265,0.523620662
417,-88,-19.73712,95.4635982684,0.265706247,0.008163265,0.56617306
418,-80,-19.73712,123,0.344282,0.055141287,0.681612832
419,-72,-19.73712,396.533023103,0.297803754,0.088005898,0.542567921
423,-40,-19.73712,757,0.378443163,0.198241884,0.588677989
424,-32,-19.73712,261.2260276,0.315884541,0.098854317,0.569086469
425,-24,-19.73712,94.6031180288,0.263420179,0.037695078,0.526766129
426,-16,-19.73712,98,0.273661934,0.041776711,0.544194694
427,-8,-19.73712,211.5534947,0.286743211,0.049220694,0.563852814
428,0,-19.73712,93.1249068393,0.255228111,0.016566627,0.53366651
429,8,-19.73712,328.08748913,0.366441905,0.114514479,0.660357235
430,16,-19.73712,338.965152616,0.327277465,0.111872564,0.578583182
433,40,-19.73712,1445.0190476,0.492373773,0.370892429,0.634102009
434,48,-19.73712,1692.69874997,0.465963047,0.33864789,0.614497396
435,56,-19.73712,1429.35142982,0.439876024,0.295469924,0.608349808
436,64,-19.73712,919.3746782,0.354836437,0.164757131,0.576595627
437,72,-19.73712,98.33333333,0.264247567,0.033133253,0.533880934
438,80,-19.73712,92.4357593258,0.246812511,0.033133253,0.496104979
439,88,-19.73712,95.8211607423,0.251853078,0.033133253,0.507026207
440,96,-19.73712,97.0292510161,0.262535468,0.033133253,0.530171386
441,104,-19.73712,103.038803725,0.281770164,0.045618247,0.557280733
442,112,-19.73712,1466.28986726,0.520592953,0.416069924,0.642536487
443,120,-19.73712,2093.363636,0.543560166,0.482657597,0.614613165
446,144,-19.73712,2449.53057902,0.579157439,0.553875386,0.608653167
447,152,-19.73712,2228.730392,0.615832728,0.526505345,0.720048008
448,160,-19.73712,1477.29851537,0.508145827,0.35341389,0.688666421
449,168,-19.73712,1834.27005832,0.505599182,0.383312754,0.648266681
450,176,-19.73712,1828.99222606,0.426970166,0.251684937,0.6314696
451,-176,-28.54919,422.4519061,0.316963777,0.056752718,0.620543346
452,-168,-28.54919,99.4787804047,0.275302285,0.016326531,0.577440666
453,-160,-28.54919,95.6499000657,0.249841312,0.012244898,0.527037129
454,-152,-28.54919,107.761092897,0.254862852,0.015180319,0.534492474
455,-144,-28.54919,392.987798742,0.257102205,0.040049266,0.510330634
456,-136,-28.54919,110.191219826,0.249183053,0.016403411,0.520759302
457,-128,-28.54919,402.058283708,0.260112606,0.036616993,0.520857487
458,-120,-28.54919,131.202334828,0.239509795,0.018437238,0.497427779
459,-112,-28.54919,410.6197991,0.241398899,0.034692528,0.482556333
460,-104,-28.54919,88,0.221217885,0.008202512,0.46973582
461,-96,-28.54919,86.4445834343,0.213380922,0.010949765,0.449550605
462,-88,-28.54919,188.381633722,0.256026045,0.031800361,0.517622675
463,-80,-28.54919,198.816708289,0.260186451,0.026936335,0.532311586
464,-72,-28.54919,367.65434767,0.281014092,0.085145271,0.509527717
467,-48,-28.54919,335.0125,0.440972011,0.188687804,0.735303585
468,-40,-28.54919,152,0.369791521,0.117386955,0.664263514
469,-32,-28.54919,105.33333333,0.277729674,0.026103518,0.571293521
470,-24,-28.54919,97.5,0.262883195,0.016566627,0.550252525
471,-16,-28.54919,98.6,0.265641026,0.02244898,0.549365079
472,-8,-28.54919,97,0.258608059,0.026530612,0.529365079
473,0,-28.54919,107,0.283803376,0.026530612,0.583954934
474,8,-28.54919,122.4,0.333377264,0.031985871,0.685000555
475,16,-28.54919,450.2666667,0.396225285,0.136514862,0.699220779
477,32,-28.54919,2227.83587219,0.572972704,0.380991102,0.796951241
478,40,-28.54919,1051.39954987,0.502495751,0.282065472,0.75966441
479,48,-28.54919,1153.0576168,0.447191633,0.232054335,0.698185148
480,56,-28.54919,114,0.308037613,0.036748033,0.624542125
481,64,-28.54919,108,0.287879353,0.030185151,0.588522589
482,72,-28.54919,102.66666667,0.28276545,0.020648259,0.588568839
483,80,-28.54919,100.430494794,0.275070891,0.012244898,0.581701217
484,88,-28.54919,101,0.278773715,0.020648259,0.57992008
485,96,-28.54919,102.821301651,0.278496103,0.027477145,0.571351554
486,104,-28.54919,106,0.290154642,0.028811525,0.595054945
487,112,-28.54919,1248.3548387,0.595483672,0.472938351,0.738453213
489,128,-28.54919,281.367939097,0.303561308,0.24059774,0.377018805
492,152,-28.54919,2236.37049634,0.629123982,0.521446641,0.754747547
493,160,-28.54919,1220.2314815,0.465687026,0.212999182,0.76048951
494,168,-28.54919,510.9512195,0.43443538,0.184797241,0.725679876
495,176,-28.54919,147,0.343889061,0.053545742,0.682622933
496,-176,-38.20473,115.628404274,0.279715454,0.039451422,0.560023491
497,-168,-38.20473,92.7865909236,0.22500609,0.015031397,0.469976565
498,-160,-38.20473,87.8182180293,0.223502232,0.008163265,0.474731026
499,-152,-38.20473,82.7777635003,0.213677454,0.008163265,0.453444007
500,-144,-38.20473,81.8543666325,0.206880865,0.008163265,0.438718065
501,-136,-38.20473,79.0037035048,0.198380356,0.008163265,0.420300295
502,-128,-38.20473,79.1283807205,0.193679421,0.008163265,0.410114936
503,-120,-38.20473,75.2062055976,0.175722769,0.004081633,0.375970761
504,-112,-38.20473,75.4096892693,0.188058349,0.004081633,0.402697852
505,-104,-38.20473,74.2422134819,0.185656538,0.004081633,0.397493927
506,-96,-38.20473,75.1344485838,0.188843421,0.004081633,0.40439884
507,-88,-38.20473,75.9694836163,0.196112741,0.018367347,0.403482368
508,-80,-38.20473,170.090147413,0.217277899,0.028611882,0.437388252
509,-72,-38.20473,308.679693801,0.203506048,0.076215385,0.352011821
510,-64,-38.20473,213.563400459,0.203227201,0.085443328,0.340641719
511,-56,-38.20473,397.7205882,0.319096413,0.126145514,0.544205794
512,-48,-38.20473,156.5,0.374362176,0.114089482,0.678013653
513,-40,-38.20473,98.7349405556,0.274271051,0.02244898,0.568063467
514,-32,-38.20473,92,0.250492456,0.023822606,0.514940615
515,-24,-38.20473,86.66666667,0.22986458,0.025196232,0.468644319
516,-16,-38.20473,131.1,0.257288498,0.041500674,0.509040959
517,-8,-38.20473,123.83333333,0.264581685,0.043606603,0.522385947
518,0,-38.20473,109,0.296392069,0.043563579,0.591358641
519,8,-38.20473,125,0.347388509,0.048979592,0.695532246
520,16,-38.20473,665.5512821,0.474553783,0.170708107,0.829040404
521,24,-38.20473,1032.0307692,0.491046983,0.234122218,0.790792541
522,32,-38.20473,238.046553262,0.407495071,0.126894063,0.734862914
523,40,-38.20473,114.612462258,0.31928788,0.047218118,0.636702601
524,48,-38.20473,113.5,0.305007097,0.057500693,0.593764569
525,56,-38.20473,100.09351715,0.280018342,0.03810832,0.562246701
526,64,-38.20473,93.66815447,0.268748745,0.036734694,0.539431805
527,72,-38.20473,90.5998767153,0.262515629,0.036734694,0.525926721
528,80,-38.20473,266.217596458,0.256541512,0.032384383,0.518058161
529,88,-38.20473,88.1155184542,0.245545823,0.02244898,0.505825474
530,96,-38.20473,87.8206166565,0.247945483,0.02244898,0.511024738
531,104,-38.20473,94.8094867729,0.272345006,0.030852341,0.554086448
532,112,-38.20473,467.5155373,0.452252454,0.277942703,0.655613831
533,120,-38.20473,516.595430653,0.361527011,0.269797765,0.468544466
534,128,-38.20473,324.472134433,0.320327646,0.224393657,0.432250633
535,136,-38.20473,524.818345655,0.359161315,0.261311385,0.473319567
536,144,-38.20473,620.3205128,0.357791099,0.234118582,0.502075702
537,152,-38.20473,1201.6785901,0.508397838,0.319545845,0.728725162
538,160,-38.20473,114.599887494,0.314412189,0.043389407,0.630605436
539,168,-38.20473,270.5625,0.364225103,0.108205309,0.662914863
540,176,-38.20473,365.065987087,0.37263672,0.123479358,0.663320308
541,-176,-49.46882,173.0625,0.195627826,0.07013057,0.342041292
542,-168,-49.46882,64.8699261655,0.149031215,0.043563579,0.27207679
543,-160,-49.46882,59.6311602882,0.144293633,0.036734694,0.269779062
544,-152,-49.46882,58.5634486297,0.137726407,0.018367347,0.276978644
545,-144,-49.46882,58.4326036465,0.137390907,0.018367347,0.276251727
546,-136,-49.46882,61.2275959204,0.152823647,0.018367347,0.30968933
547,-128,-49.46882,63.0607474854,0.152984985,0.018367347,0.310038896
548,-120,-49.46882,57.9350073441,0.131517053,0.018367347,0.263525044
549,-112,-49.46882,59.0496650595,0.140469056,0.018367347,0.28292105
550,-104,-49.46882,56.9742472825,0.131310283,0.018367347,0.263077043
551,-96,-49.46882,55.8688465817,0.130591755,0.018367347,0.261520232
552,-88,-49.46882,58.940752942,0.138442823,0.02244898,0.273768974
553,-80,-49.46882,74.0887966289,0.179043099,0.05788854,0.320390085
554,-72,-49.46882,174.729143353,0.203219469,0.079274777,0.347821609
555,-64,-49.46882,262.913192302,0.214417639,0.098906356,0.349180803
556,-56,-49.46882,179.35555556,0.225620644,0.101918288,0.36994006
557,-48,-49.46882,66.25,0.201032941,0.069387755,0.354618992
558,-40,-49.46882,163.87789986,0.207474699,0.074749287,0.362321012
559,-32,-49.46882,106.518307274,0.19483411,0.071754459,0.338427036
560,-24,-49.46882,63.9868713184,0.184622706,0.065306122,0.323825387
561,-16,-49.46882,60,0.173467558,0.065306122,0.2996559
562,-8,-49.46882,59,0.17031174,0.065306122,0.292818293
563,0,-49.46882,89.20350945,0.213966157,0.080777546,0.369352869
564,8,-49.46882,68,0.215891801,0.079591837,0.374908425
565,16,-49.46882,64,0.193621763,0.079591837,0.326656677
566,24,-49.46882,66.637538242,0.200384681,0.079591837,0.341309667
567,32,-49.46882,70.0617915421,0.223260978,0.079591837,0.390874977
568,40,-49.46882,161.613579951,0.212972343,0.086198955,0.360874629
569,48,-49.46882,138.313842388,0.203188607,0.083665348,0.342632408
570,56,-49.46882,125.038197953,0.196546296,0.082932468,0.329095762
571,64,-49.46882,67.5369717905,0.196545144,0.080965463,0.331388105
572,72,-49.46882,202.352465132,0.195341178,0.084593698,0.32454657
573,80,-49.46882,62.2471802123,0.186947482,0.075510204,0.316957639
574,88,-49.46882,61.7754226758,0.173132504,0.075510204,0.287025186
575,96,-49.46882,62.7646652749,0.184777863,0.075510204,0.312256798
576,104,-49.46882,60.7843986044,0.179925672,0.079591837,0.296981813
577,112,-49.46882,60.9180639567,0.180127519,0.079591837,0.297419148
578,120,-49.46882,64.3625145278,0.187043411,0.079591837,0.31240358
579,128,-49.46882,66.8403007529,0.192072392,0.079591837,0.323299706
580,136,-49.46882,70.0352520014,0.205484995,0.065306122,0.369027013
581,144,-49.46882,280.38740017,0.325689684,0.193439034,0.479982109
582,152,-49.46882,128.76016311,0.313774277,0.182395779,0.467049191
583,160,-49.46882,99.7863867847,0.258618937,0.100192223,0.443450105
584,168,-49.46882,285.05,0.277502292,0.129261784,0.45044955
585,176,-49.46882,281.893839037,0.266286655,0.127969242,0.42765697
586,-176,-65.22635,49.9247135221,0.138227512,0.079591837,0.206635799
587,-168,-65.22635,47.6312724367,0.132006208,0.079591837,0.193156309
588,-160,-65.22635,46.3071547328,0.129202751,0.079591837,0.187082151
589,-152,-65.22635,48.9751060872,0.135651736,0.079591837,0.201054952
590,-144,-65.22635,70.462553692,0.136532764,0.080788259,0.201568019
591,-136,-65.22635,90.6150648714,0.136277895,0.08194727,0.199663623
592,-128,-65.22635,106.439698438,0.137526813,0.082815144,0.201357094
593,-120,-65.22635,111.240012775,0.140281243,0.083009817,0.207097907
594,-112,-65.22635,102.095847331,0.14247456,0.082477627,0.212470981
595,-104,-65.22635,103.648513849,0.141294471,0.082591527,0.209781239
596,-96,-65.22635,105.702816681,0.147932639,0.082568796,0.224190455
597,-88,-65.22635,91.3648151685,0.150792179,0.081714953,0.231382277
598,-80,-65.22635,93.0432309355,0.154947713,0.081692106,0.240412589
599,-72,-65.22635,124.43318381,0.192806548,0.116768603,0.281517484
600,-64,-65.22635,96,0.187276598,0.129693692,0.254456654
601,-56,-65.22635,84.0844679429,0.166976285,0.099427095,0.245783674
602,-48,-65.22635,68.2897104668,0.152909048,0.094811221,0.220689846
603,-40,-65.22635,49.3467560141,0.148195658,0.097959184,0.206804877
604,-32,-65.22635,47.0994517837,0.140568537,0.097959184,0.19027945
605,-24,-65.22635,62.0040276571,0.136867759,0.094823736,0.185919119
606,-16,-65.22635,64.2787741995,0.145286869,0.094864396,0.204113088
607,-8,-65.22635,63.4523512895,0.138029584,0.094936635,0.188304691
608,0,-65.22635,63.7023255179,0.136606911,0.09495165,0.185204715
609,8,-65.22635,60.7802049193,0.132692525,0.094852109,0.176839677
610,16,-65.22635,59.169240862,0.132457741,0.094812826,0.176376809
611,24,-65.22635,83.8428426993,0.129122531,0.096171786,0.167565068
612,32,-65.22635,81.9588039085,0.126732227,0.096097351,0.162472916
613,40,-65.22635,78.1810928684,0.124302869,0.091863652,0.162148624
614,48,-65.22635,80.0109732898,0.124156255,0.091970431,0.161706383
615,56,-65.22635,75.3353562406,0.121148657,0.091751657,0.155445156
616,64,-65.22635,68.2890109541,0.121559509,0.091343874,0.156811084
617,72,-65.22635,69.1925730377,0.120112675,0.09142693,0.153579378
618,80,-65.22635,63.8967054441,0.123635208,0.091070105,0.161627829
619,88,-65.22635,70.5761442315,0.12621041,0.091378172,0.166848021
620,96,-65.22635,76.3449746026,0.126575353,0.091696548,0.167267293
621,104,-65.22635,85.1167597349,0.13004257,0.09213696,0.174265783
622,112,-65.22635,86.0211641227,0.131220973,0.09216213,0.176789622
623,120,-65.22635,89.1083872966,0.129091838,0.09236323,0.17194188
624,128,-65.22635,90.4873023633,0.130320727,0.092414137,0.174545082
625,136,-65.22635,92.0638422651,0.134372777,0.106792232,0.166550079
626,144,-65.22635,88.786599265,0.139214115,0.106507468,0.177371871
627,152,-65.22635,80.0488362988,0.140157848,0.105979158,0.180032985
628,160,-65.22635,85.3835265267,0.147770061,0.120511918,0.179571227
629,168,-65.22635,100.87849247,0.143061,0.107077568,0.185041671
630,176,-65.22635,47.9449066566,0.13853032,0.093877551,0.190625217
36,104,69.98829,0,0.045976256,0.057142857,0.032948555
53,-120,51.74316,0,0.201303347,0.131637014,0.282580736
54,-112,51.74316,0,0,0,0
55,-104,51.74316,0,0,0,0
56,-96,51.74316,0,0.043927562,0.042857143,0.045176384
59,-72,51.74316,0,0.109986381,0.112057387,0.107570208
71,24,51.74316,0,0.068507012,0.052167277,0.087570036
72,32,51.74316,0,0,0,0
73,40,51.74316,0,0,0,0
74,48,51.74316,0,0,0,0
75,56,51.74316,0,0,0,0
76,64,51.74316,0,0,0,0
77,72,51.74316,0,0,0,0
78,80,51.74316,0,0,0,0
79,88,51.74316,0,0,0,0
80,96,51.74316,0,0,0,0
81,104,51.74316,0,0,0,0
82,112,51.74316,0,0,0,0
83,120,51.74316,0,0,0,0
84,128,51.74316,0,0,0,0
99,-112,40.03754,0,0,0,0
100,-104,40.03754,0,0,0,0
101,-96,40.03754,0,0,0,0
102,-88,40.03754,0,0.013986014,0,0.03030303
117,32,40.03754,0,0,0,0
118,40,40.03754,0,0,0,0
119,48,40.03754,0,0,0,0
120,56,40.03754,0,0,0,0
121,64,40.03754,0,0,0,0
122,72,40.03754,0,0,0,0
123,80,40.03754,0,0,0,0
124,88,40.03754,0,0,0,0
125,96,40.03754,0,0,0,0
126,104,40.03754,0,0,0,0
127,112,40.03754,0,0,0,0
145,-104,30.1738,0,0,0,0
158,0,30.1738,0,0,0,0
159,8,30.1738,0,0.256312305,0.136169055,0.39647943
163,40,30.1738,0,0.269464186,0.251935818,0.289913949
166,64,30.1738,0,0.186351342,0.137394512,0.243467643
167,72,30.1738,0,0.000131718,0.000244618,0
168,80,30.1738,0,0,0,0
169,88,30.1738,0,0,0,0
170,96,30.1738,0,0,0,0
171,104,30.1738,0,0,0,0
172,112,30.1738,0,0,0,0
202,-8,21.24611,0,0,0,0
203,0,21.24611,0,0,0,0
204,8,21.24611,0,0,0,0
205,16,21.24611,0,0,0,0
206,24,21.24611,0,0,0,0
207,32,21.24611,0,0.263033962,0.232207927,0.298997669
209,48,21.24611,0,0.245735521,0.181548879,0.320619937
213,80,21.24611,0,0.32988628,0.246732539,0.426898977
247,-8,12.84422,0,0,0,0
248,0,12.84422,0,0,0,0
249,8,12.84422,0,0,0,0
250,16,12.84422,0,0,0,0
251,24,12.84422,0,0,0,0
252,32,12.84422,0,0,0,0
284,-72,4.72115,0,0,0,0
285,-64,4.72115,0,0.25681276,0.155496301,0.375015295
295,16,4.72115,0,0,0,0
296,24,4.72115,0,0,0,0
297,32,4.72115,0,0,0,0
298,40,4.72115,0,0.256530068,0.192677672,0.331024531
329,-72,-3.3057,0,0,0,0
330,-64,-3.3057,0,0,0,0
331,-56,-3.3057,0,0,0,0
340,16,-3.3057,0,0.255606334,0.134808795,0.396536797
341,24,-3.3057,0,0,0,0
342,32,-3.3057,0,0,0,0
374,-72,-11.3996,0,0.220216737,0.079841167,0.383988234
375,-64,-11.3996,0,0,0,0
376,-56,-11.3996,0,0,0,0
377,-48,-11.3996,0,0,0,0
386,24,-11.3996,0,0,0,0
387,32,-11.3996,0,0,0,0
420,-64,-19.73712,0,0,0,0
421,-56,-19.73712,0,0,0,0
422,-48,-19.73712,0,0.275164259,0.139766676,0.433128105
431,24,-19.73712,0,0,0,0
432,32,-19.73712,0,0.407393285,0.267607559,0.570476631
444,128,-19.73712,0,0.308481717,0.351182995,0.258663559
445,136,-19.73712,0,0.268959524,0.237285427,0.305912637
465,-64,-28.54919,0,0,0,0
466,-56,-28.54919,0,0.271937671,0.080813094,0.494916344
476,24,-28.54919,0,0.288731452,0.105941066,0.501986902
488,120,-28.54919,0,0,0,0
490,136,-28.54919,0,0.296925595,0.232362755,0.372248908
491,144,-28.54919,0,0,0,0
