LATITUDE,LONGITUDE,TOTAL__G_KM_
19.94,-64.56,35.51
20.22,-64.38,70.52
20.45,-64.2,3548.46
21.13,-63.83,18.27
21.47,-63.59,34.47
21.74,-63.42,2106.08
22.15,-63.15,6.03
22.84,-62.76,50.980000000000004
24.36,-62.81,30.02
24.36,-62.81,22.55
24.77,-62.72,13.45
25.38,-62.48,4.87
25.56,-62.44,26606.27
26.09,-61.72,12.969999999999999
29.25,-62.99,192.43
29.75,-63.22,779.3900000000001
30.55,-63.71,1386.23
31.18,-64.01,148.78
31.54,-64.27,204.65999999999997
31.96,-64.54,1620.88
32.32,-64.43,596.46
32.08,-64.63,624.23
31.59,-62.77,261.28
31.2,-62.04,200.46
30.87,-61.31,1208.33
30.07,-58.71,381.13
30.07,-58.71,40.78
29.68,-56.7,127.44
29.54,-54.96,393.04
29.28,-53.61,364.5
28.91,-51.89,176.07
28.77,-51.08,486.38000000000005
28.55,-50.1,474.85999999999996
35.67,-35.02,57.16
36.29,-33.39,369.01
-23.5,-39.28,41.56
-23.73,-37.49,24.290000000000003
-23.89,-36.69,63.17
-24.11,-33.96,133.03
-23.03,-30.85,105.87
-22.3,-29.25,112.13
-20.83,-28.25,10.989999999999998
-19.8,-27.34,19.25
-18.62,-26.16,1.97
-17.89,-25.09,1.09
-16.98,-23.73,2.42
-16.24,-22.53,7.8
-13.99,-20.74,63.81
-26.43,-41.04,6.88
-26.39,-39.92,40.0
-26.19,-38.76,37.31
-26.13,-37.59,88.89999999999999
-26.0,-36.5,92.4
-25.9,-35.37,18.28
-25.8,-34.21,84.96
-25.92,-35.08,61.89
-26.08,-31.97,80.11
-26.31,-31.09,180.49
-26.49,-30.03,108.31
-26.8,-29.1,19.169999999999998
-26.7,-28.09,133.77
-27.33,-26.89,80.42
-27.88,-25.9,43.26
-28.58,-24.98,165.16
-29.52,-24.61,47.739999999999995
-29.97,-23.48,96.21000000000001
-30.66,-22.67,107.11000000000001
-31.25,-21.73,172.29
-31.87,-20.75,23.78
-32.59,-19.95,606.95
-33.49,-19.1,464.26
-34.04,-18.19,303.09000000000003
-34.6,-17.19,942.71
-34.33,-15.98,498.71000000000004
-34.07,-14.79,415.46000000000004
-33.57,-13.71,191.27
-33.26,-12.49,374.38
-32.9,-11.37,393.75
-32.61,-10.2,245.44
-32.33,-9.21,1748.8600000000001
-31.64,-8.08,843.8199999999999
-31.93,-6.99,216.65
-32.28,-5.95,363.69
-32.62,-4.85,193.76999999999998
-32.84,-3.68,115.61
-33.04,-2.43,319.88
-33.22,-1.27,359.41999999999996
-33.42,0.08,861.19
-33.62,1.08,34.18
-33.82,2.26,326.16999999999996
-34.03,3.46,98.66
-34.16,4.86,248.89
-34.36,6.25,299.84
-34.31,7.11,101.49
-34.02,9.78,35.86
-33.78,11.4,1041.99
-17.72,-5.95,10.1
-19.18,-5.97,6.73
-20.88,-6.0,61.72
-22.54,-6.19,154.48000000000002
-23.85,-6.33,18.279999999999998
-24.38,-7.27,144.82999999999998
-24.91,-8.2,378.09999999999997
-25.38,-9.23,102.78999999999999
-25.82,-10.28,651.45
-26.29,-11.29,80.46
-26.84,-12.26,184.26
-27.22,-13.27,120.91
-27.64,-14.3,1327.75
-28.03,-15.34,514.85
-28.39,-16.39,847.52
-28.83,-17.44,360.38
-29.12,-18.51,385.74
-29.51,-19.57,262.95
-29.95,-20.71,653.3199999999999
-30.28,-21.83,833.19
-30.57,-22.93,477.96
-30.9,-24.06,474.29
-31.14,-25.22,369.91
-31.48,-26.32,92.54
-31.66,-27.52,422.50000000000006
-31.94,-28.69,96.58
-32.48,-29.71,408.69
-32.83,-30.81,278.34000000000003
-33.24,-32.05,327.6
-33.45,-33.17,241.76999999999998
-33.69,-34.34,98.25
-33.94,-35.5,74.94
-34.68,-36.45,131.56
-34.77,-37.6,211.88
-34.67,-38.82,1220.7800000000002
-34.81,-40.08,195.84
-34.87,-41.35,432.41999999999996
-34.84,-42.57,142.1
-34.91,-43.86,147.65
-35.08,-45.01,118.18
-34.94,-46.3,125.87
-35.15,-47.83,295.52
-34.72,-49.21,98.59
37.2,-133.87,100.84
37.18,-133.95,1464.8899999999999
38.15,-137.45,3756.2200000000003
38.69,-141.77,75.55
38.69,-142.03,248.57999999999998
38.64,-142.27,37.650000000000006
37.87,-143.82,865.8399999999999
36.68,-144.84,13701.369999999999
36.51,-145.04,259.42
32.55,-146.96,1236.3500000000001
32.52,-147.3,1627.73
31.56,-152.61,4452.45
29.45,-153.52,785.29
18.89,-155.66,144.04999999999998
18.92,-155.7,2.3
18.95,-155.72,2.16
18.16,-155.98,8.16
19.24,-155.18,7.52
19.7,-154.34,35.89
19.85,-154.44,31.060000000000002
19.92,-154.69,151.42000000000002
19.07,-155.45,51.36
19.01,-155.57,162.79
19.34,-156.09,603.91
19.9,-156.0,1.27
19.29,-156.05,5.140000000000001
21.65,-160.54,78.09
21.65,-160.55,3.9799999999999995
22.01,-160.88,44.400000000000006
22.1,-160.97,191.44
22.96,-161.91,611.5999999999999
23.57,-164.48,39.349999999999994
30.12,-165.41,275.58000000000004
30.99,-165.43,321.63
32.01,-165.4,515.54
32.24,-165.91,1608.29
33.03,-167.59,7858.929999999999
33.01,-167.92,1222.3000000000002
33.01,-168.14,484.66999999999996
32.84,-170.07,3181.93
32.56,-169.7,225.48000000000002
32.26,-167.99,1171.5099999999998
32.55,-165.81,1250.11
32.47,-166.11,405.48
33.28,-165.0,429.55
33.76,-162.72,1804.2400000000002
33.76,-160.42,460.35
34.51,-157.85,983.44
36.16,-157.56,581.25
35.69,-147.67,1734.26
35.88,-132.57,88.85999999999999
35.76,-138.51,865.42
35.76,-138.77,1116.3600000000001
35.89,-139.4,17081.16
35.97,-139.82,710.38
36.04,-140.33,1037.1999999999998
36.08,-140.79,1736.25
35.84,-140.82,5474.62
35.38,-141.02,1606.34
35.0,-141.45,2741.91
35.91,-141.78,2539.7400000000002
34.68,-142.08,10944.81
25.11,-128.11,42.67
24.22,-128.35,5.719999999999999
23.57,-130.37,17.41
24.6,-146.39,28.45
24.54,-146.48,117.16000000000001
24.41,-146.67,49.440000000000005
24.36,-146.77,6.03
23.57,-160.42,34.05
29.3,-162.05,667.49
29.77,-162.63,593.95
30.54,-163.23,321.16999999999996
31.31,-163.99,1804.87
31.61,-164.25,1117.24
32.74,-165.24,1867.14
34.37,-169.18,150.03
34.39,-170.02,816.46
35.06,-171.64,760.39
35.0,-171.74,563.55
35.0,-171.82,8349.789999999999
35.0,-171.93,407.64
34.59,-172.95,300.11
34.54,-176.4,1314.69
34.49,-176.44,6077.009999999999
34.47,-176.46,699.5
34.45,-176.48,114.28
34.43,-176.49,9921.66
34.01,-179.99,34.739999999999995
34.05,-179.99,385.38
34.15,-179.99,24.880000000000003
34.16,-179.99,1000.73
34.51,-179.86,40.04
35.1,-179.93,70.94
35.38,-179.89,102.31
35.41,-179.87,48.46
36.1,-179.59,213.12
36.48,-179.35,89.58
37.85,-179.38,46.690000000000005
39.3,-179.75,115.81
39.31,-179.74,324.03
40.31,-178.91,112.92999999999999
40.49,-178.71,125.53
25.63,-158.98,47.91
28.01,-160.31,426.2
26.65,-160.3,187.32999999999998
31.16,-160.24,587.95
31.15,-160.1,2939.7200000000003
31.15,-159.98,457.65999999999997
30.81,-158.69,284.09
31.31,-158.73,13.21
32.01,-159.01,708.26
32.5,-159.92,321.48
32.55,-159.96,5955.25
33.14,-159.25,254.42
33.18,-159.23,3564.85
34.29,-144.35,6224.86
34.37,-143.71,8645.26
34.67,-142.08,2124.7799999999997
34.93,-141.9,1258.43
35.01,-141.43,7415.86
35.38,-141.02,5832.820000000001
35.84,-140.82,5838.18
36.07,-140.83,10145.36
36.04,-140.32,3029.6000000000004
36.01,-140.15,8748.59
35.98,-139.99,12479.85
35.93,-139.77,8887.779999999999
35.69,-139.2,1971.81
34.65,-142.29,3786.2200000000003
31.54,-156.86,904.42
32.2,-156.83,472.31
39.12,-156.92,6160.25
40.2,-156.71,195.37
41.04,-156.24,306.41999999999996
41.32,-155.71,333.09
41.34,-155.73,63.33
41.28,-154.25,464.65999999999997
40.55,-151.54,21554.82
40.51,-150.16,62.47
40.4,-148.05,46.730000000000004
40.24,-146.27,11.67
40.09,-144.45,26.509999999999998
40.37,-140.93,33.59
42.06,-137.54,32.56
43.7,-134.58,10.53
14.55,160.72,48.690000000000005
15.22,159.9,33.83
15.79,159.21,0.36
16.45,158.56,3.29
17.49,157.54,18.89
17.96,157.08,188.26
32.81,156.5,21.62
19.43,156.14,49.129999999999995
19.66,155.11,5.630000000000001
20.51,155.18,33.059999999999995
21.58,155.34,7.909999999999999
22.46,155.3,50.629999999999995
23.41,155.23,137.1
24.29,155.09,177.3
25.1,154.16,51.6
25.71,153.24,378.64000000000004
26.35,152.3,174.18
27.08,151.36,197.21
27.85,150.26,2131.7700000000004
28.56,149.3,63.05
29.73,148.05,198.39999999999998
33.26,151.18,83.19
32.09,153.17,83.28
31.27,155.32,324.53999999999996
30.73,157.77,247.87
30.19,160.4,92.38
30.44,163.32,46.14
30.5,166.08,89.15
30.08,168.13,347.29
29.2,169.83,80.03
29.41,172.01,365.77
28.48,175.32,701.31
30.28,-176.83,84.1
31.13,-174.3,1985.1
-33.13,-81.24,0.33
-33.11,-82.39,0.0
-33.02,-83.42,0.0
-32.91,-84.49,2.73
-32.8,-86.24,10.63
-32.73,-86.38,1.48
-32.57,-87.42,1.17
-32.38,-88.11,77.96
-32.21,-89.43,3.2800000000000002
-31.98,-90.41,8.84
-31.81,-91.34,1.02
-31.58,-92.34,30.66
-31.39,-93.35,25.28
-31.17,-94.32,13.6
-30.95,-95.35,10.2
-30.57,-96.2,46.56
-30.24,-97.09,69.98
-29.9,-97.93,97.72
-29.56,-98.81,105.03999999999999
-29.34,-99.8,81.4
-29.19,-100.74,308.04
-29.05,-101.73,730.83
-28.89,-102.58,219.55
-28.73,-103.55,84.42999999999999
-28.58,-104.4,170.17999999999998
-28.33,-105.33,184.87
-28.19,-106.31,88.91
-27.88,-107.25,38.57
-27.55,-108.05,375.02
-27.28,-108.94,206.07
-27.02,-110.98,154.6
-26.87,-111.91,110.63
-26.7,-112.87,18.33
-26.6,-113.86,4.6899999999999995
-26.54,-114.83,2.43
-26.33,-115.74,8.44
-26.24,-116.68,20.58
-26.16,-117.58,27.259999999999998
-26.07,-118.51,2.99
-26.04,-119.43,4.739999999999999
-25.95,-120.43,18.41
-25.86,-121.34,1.01
-25.55,-122.2,1.38
-25.27,-123.25,1.8699999999999999
-24.97,-123.94,4.050000000000001
-24.65,-124.79,12.940000000000001
-24.58,-125.73,13.790000000000001
-24.5,-126.62,3.48
-26.55,106.87,9.39
-24.39,99.51,15.33
-24.49,98.11,7.239999999999999
-24.49,96.44,385.03999999999996
-24.02,94.82,46.849999999999994
-21.41,75.3,34.72
-21.27,72.15,82.94
-21.05,68.44,580.5500000000001
-20.68,64.94,7635.4400000000005
-20.25,61.67,110.15
43.68,7.7,0.0
43.77,8.03,0.0
44.17,8.99,0.0
44.29,9.2,0.0
43.88,9.34,0.0
43.2,9.0,0.0
42.89,10.23,0.0
42.84,10.28,0.0
42.98,9.32,0.0
42.73,9.03,0.0
42.87,8.26,0.0
42.86,8.32,0.0
42.8,8.42,0.0
42.76,8.47,0.0
42.73,8.51,0.0
42.69,8.57,0.0
42.65,8.61,0.0
42.62,8.66,0.0
42.6,8.72,0.0
42.82,8.36,0.0
43.25,8.07,0.0
43.55,8.63,0.0
43.45,8.36,0.0
43.08,6.38,0.0
43.0,6.37,0.0
43.06,5.88,0.0
43.32,5.19,0.0
43.32,5.2,0.0
43.32,5.17,0.0
43.3,5.25,0.0
43.26,4.94,0.0
43.01,4.4,0.0
42.81,3.93,0.0
42.53,3.13,0.0
42.46,3.3,0.0
42.33,3.48,0.0
42.25,3.65,0.0
42.24,8.52,0.0
42.32,8.58,0.0
43.57,7.39,0.0
-60.34,-60.53,56.58
-63.88,-56.09,28.91
-63.39,-56.8,1.24
-57.76,-67.0,0.55
-39.63,-76.98,0.27
-34.17,-73.09,0.96
-33.69,-72.0,6.71
14.56,160.75,0.0
14.56,160.75,0.0
15.79,159.2,0.0
15.79,159.2,0.0
17.49,157.54,0.0
19.31,156.22,0.0
22.05,155.42,5547.2
23.9,155.24,2516.53
23.9,155.24,1347.32
25.1,154.15,50242.43
26.36,152.28,27365.59
26.71,151.78,14993.25
27.79,150.35,5980.93
27.89,150.19,4269.14
27.89,150.19,8718.71
30.04,147.59,0.0
32.89,143.73,22273.71
32.98,143.43,5053.73
32.98,143.43,25112.77
32.16,152.46,117.77
32.04,153.19,1591.3
32.01,153.38,5137.52
32.04,153.21,11961.28
31.08,155.33,7096.95
30.58,156.11,21573.72
31.05,155.46,10073.41
30.41,157.51,719.62
30.4,158.02,2234.65
30.39,158.04,275.16
30.2,158.42,68584.08
30.12,158.55,2518.52
30.1,160.01,121648.92
30.14,160.53,24060.63
30.12,160.39,7026.2
30.19,161.34,3447.62
30.12,160.31,35332.32
30.26,163.04,6506.03
30.28,163.59,28986.22
30.29,164.22,38155.87
30.3,166.09,32510.55
30.34,166.22,13482.59
30.33,166.2,19526.08
30.42,166.46,42512.53
29.58,168.22,7079.45
29.53,168.35,3389.29
29.1,170.03,222.6
28.55,173.1,3165.81
29.01,172.49,5039.73
29.15,172.27,1694.73
29.11,170.31,56.76
28.34,175.11,1230.49
28.24,175.24,387.59
29.51,179.45,6288.81
30.01,-178.56,11386.79
30.04,-178.41,11706.23
30.22,-176.45,10595.21
30.25,-176.28,10471.3
30.29,-176.14,68099.52
30.34,-175.52,1291.78
31.1,-174.14,11305.9
31.15,-174.04,3051.81
31.26,-173.47,14286.82
31.38,-173.27,21109.21
30.3,-173.04,8064.22
30.55,-172.37,12605.35
31.03,-172.27,5125.96
30.83,-146.9,40130.15
33.54,-144.92,20252.1
36.25,-142.93,50315.89
36.45,-137.17,19616.64
25.67,-158.03,4284.53
28.37,-157.35,3867.61
33.65,-155.17,4198.36
34.93,-151.12,16169.93
36.12,-147.03,34712.57
37.48,-142.1,6109.85
37.85,-138.0,277.21
27.57,-154.2,98.82
29.73,-150.62,4750.31
31.07,-148.8,8854.48
32.57,-147.42,3879.38
34.43,-145.82,3546.05
36.5,-144.9,7447.62
37.97,-143.48,4459.81
27.57,-157.38,89.44
30.95,-157.35,694.34
33.4,-156.93,4463.17
34.5,-153.25,2189.57
35.42,-149.88,4397.28
36.0,-146.33,2131.34
36.5,-142.08,1794.93
37.17,-138.92,1009.66
37.15,-138.9,24.56
36.27,-148.54,34438.77
35.62,-139.9,4551.01
35.4,-136.77,2255.39
22.42,-159.52,26.42
24.67,-159.47,0.0
27.49,-158.3,315.54
32.35,-157.6,4870.07
33.95,-155.83,8941.12
35.87,-152.53,9651.0
37.07,-148.65,5246.81
36.13,-142.15,108840.82
35.55,-139.44,4800.05
34.81,-136.82,549.35
34.59,-133.74,832.35
34.74,-131.54,25.08
34.67,-129.16,1058.45
31.64,-158.02,0.0
33.12,-158.15,68.6
33.68,-158.05,1216.62
34.05,-157.98,2581.77
35.57,-157.58,1333.22
35.42,-157.4,381.87
34.43,-155.89,651.23
33.89,-155.53,0.0
33.27,-154.5,5747.89
33.37,-154.25,13037.53
32.36,-152.8,17516.89
32.32,-151.37,80.03
33.88,-148.68,151.35
34.9,-147.23,0.0
35.73,-146.02,6123.69
35.59,-141.49,0.0
35.12,-153.17,10339.38
37.27,-151.9,246.07
36.98,-150.82,900.48
36.9,-149.3,6837.65
37.17,-146.08,4295.55
34.23,-162.16,1546.89
40.19,-162.36,6321.8
41.88,-161.36,4365.36
44.14,-158.78,0.0
27.23,-156.28,27660.01
29.05,-155.37,51093.23
30.8,-153.15,24194.55
32.7,-151.02,27406.77
37.77,-144.63,0.0
38.22,-142.48,5387.87
33.37,-154.73,416.76
33.52,-154.88,10103.05
35.22,-153.27,14958.41
35.22,-153.27,13387.19
36.1,-151.78,104042.16
32.33,-155.93,113.34
31.6,-157.43,2176.74
36.22,-151.5,14718.12
37.18,-148.6,12096.02
23.25,-157.98,0.0
27.12,-157.08,0.0
29.65,-156.08,406.65
29.65,-156.08,14456.08
33.9,-155.08,316.72
33.9,-155.08,457.91
35.45,-154.52,12743.88
37.73,-150.95,202.53
41.43,-145.03,290.29
41.98,-143.22,0.0
26.38,-156.93,1907.73
27.88,-155.52,2079.92
29.55,-153.57,9758.53
31.12,-151.33,672.45
32.7,-149.73,141.44
36.25,-146.93,0.0
37.63,-146.02,34.92
37.87,-143.33,627.97
38.08,-141.02,143.67
38.17,-137.68,717.39
38.32,-134.77,0.0
38.15,-132.2,42.95
23.25,-156.88,0.0
24.53,-155.18,0.0
26.12,-153.32,1521.46
27.83,-151.33,9781.71
29.97,-149.95,11102.41
32.27,-148.85,0.0
34.72,-147.73,1490.86
36.4,-146.37,3012.77
36.72,-143.92,2853.59
36.75,-141.3,0.0
36.9,-138.77,0.0
37.32,-135.83,0.0
36.55,-148.98,32969.78
36.63,-146.62,11054.42
24.53,-157.97,0.0
28.72,-156.68,663.75
31.57,-153.58,6725.89
34.58,-151.52,30559.18
37.25,-148.88,0.0
39.33,-147.32,0.0
39.22,-142.85,0.0
38.8,-138.69,2112.68
38.85,-134.1,0.0
38.58,-130.13,0.0
39.1,-125.32,4263.41
28.27,-157.42,905.11
33.98,-156.04,12979.45
36.5,-155.27,120047.68
37.48,-156.68,19596.52
37.54,-152.48,18625.32
37.53,-152.23,1585.1
37.27,-145.27,3160.07
31.13,-159.52,290.91
34.18,-159.17,6524.58
36.18,-158.22,1947.45
29.82,-156.97,1708.99
30.93,-156.57,635.08
32.9,-155.67,962.99
32.38,-154.65,6515.52
33.98,-151.33,16280.18
35.98,-148.82,7834.67
37.38,-146.03,12667.55
37.1,-142.03,58.65
26.09,-157.34,2217.1
36.31,-150.93,0.0
35.78,-149.31,34583.88
32.95,-159.55,6786.41
38.97,-161.78,740.47
40.12,-162.95,16140.45
43.07,-160.27,70.14
46.65,-151.72,0.0
38.08,-152.35,360.59
35.77,-153.64,5003.65
37.89,-149.57,21821.29
38.0,-141.99,0.0
38.19,-138.8,190.41
36.64,-128.15,0.0
35.77,-124.5,0.0
24.37,-156.17,0.0
27.48,-154.3,0.0
32.4,-150.97,46647.82
36.55,-146.5,911.94
36.1,-142.9,41348.58
35.7,-139.95,758.91
36.0,-136.1,4899.22
22.13,-158.08,0.0
22.83,-158.67,0.0
24.25,-156.78,1240.33
25.53,-155.5,0.0
26.63,-154.17,0.0
30.5,-150.47,422.21
31.4,-148.12,0.0
35.18,-147.7,693.55
33.42,-144.77,0.0
33.72,-139.45,22786.14
33.17,-136.43,0.0
31.57,-132.3,0.0
31.52,-127.87,0.0
34.17,-119.8,0.0
31.26,-158.12,3503.51
31.63,-156.07,13586.79
33.06,-153.9,30962.47
32.98,-154.15,72310.85
29.07,-155.06,564.44
30.03,-155.03,50.39
30.99,-154.77,17649.01
30.99,-154.24,5736.7
30.78,-152.9,3800.82
30.67,-152.48,7506.86
30.67,-150.89,76836.1
30.9,-150.44,63786.24
31.49,-149.25,48641.44
31.99,-148.98,40809.91
32.9,-148.07,139259.99
33.27,-147.61,53054.33
34.4,-146.67,31693.1
34.77,-146.36,38084.44
35.23,-144.79,5813.64
35.3,-144.2,19225.32
35.6,-142.14,2544.12
35.48,-141.52,7213.12
35.42,-139.39,7172.64
35.46,-138.78,6092.02
30.25,-156.6,3073.13
30.51,-156.32,12402.44
32.03,-154.38,48846.15
33.05,-151.57,234435.64
34.25,-149.0,177134.99
35.63,-146.83,308741.06
36.78,-144.82,134846.88
38.57,-142.18,39544.12
21.9,-157.8,0.0
24.91,-157.43,0.0
24.02,-157.69,448.77
27.73,-157.12,1735.32
26.89,-157.16,460.14
30.4,-157.08,0.0
29.67,-157.13,782.41
32.51,-156.49,1993.38
31.88,-156.77,33003.05
33.8,-155.55,1260.53
34.31,-155.33,5593.77
35.63,-154.14,520.94
36.19,-153.26,24315.54
37.69,-150.3,1013.17
37.18,-151.17,11304.63
39.72,-147.57,30740.78
39.16,-148.25,1694.62
41.22,-146.61,24682.9
41.67,-146.33,3900.68
5.62,83.0,0.0
5.66,83.32,0.0
5.9,85.04,1154.4
6.19,87.27,11589.36
6.17,87.01,0.0
5.95,85.53,5787.64
5.92,85.26,1951.57
6.45,89.09,0.0
6.2,87.37,407.69
6.49,92.05,464.65
6.61,90.77,2370.14
6.63,90.6,15762.43
6.51,92.35,11837.28
6.5,92.28,29085.88
6.66,93.96,0.0
6.63,93.86,0.0
-32.86,-72.72,2934.21
-32.8,-73.7,0.0
-32.5,-77.45,0.0
-32.38,-78.58,0.0
-32.3,-79.29,0.0
-31.91,-82.89,0.0
-31.77,-84.17,0.0
-31.64,-85.33,0.0
-31.2,-88.65,0.0
-31.04,-89.52,0.0
-30.8,-90.9,669.31
-30.02,-94.44,479.7
-29.75,-95.58,0.0
-29.49,-96.58,197.89
-28.57,-99.84,4541.06
-28.18,-101.09,6189.05
-27.85,-102.14,2249.58
-26.48,-105.43,3013.17
-26.63,-106.52,323.0
-27.43,-108.86,3654.02
-27.69,-108.0,3372.3
-28.71,-104.6,2531.53
-29.0,-103.55,3901.18
-29.19,-102.8,3290.61
-30.04,-99.34,516.8
-30.31,-98.17,656.86
-30.48,-97.3,704.72
-31.09,-94.22,0.0
-31.33,-92.97,468.78
-31.45,-92.17,586.29
-32.0,-88.49,0.0
-32.18,-87.3,0.0
-32.28,-86.4,0.0
-32.69,-82.33,0.0
-32.81,-81.18,0.0
-32.84,-80.28,0.0
-32.98,-77.07,0.0
-33.04,-75.78,0.0
-33.01,-72.04,137.48
36.05,-33.93,116.21
35.21,-33.92,7.09
34.45,-34.49,436.15
33.79,-35.14,2486.49
33.42,-35.09,162.62
32.63,-36.41,576.8
31.81,-36.88,122.58
30.93,-37.06,142.43
30.07,-37.1,161.2
29.14,-37.23,64.63
28.31,-37.4,169.0
27.41,-37.4,2336.62
26.51,-37.36,94.24000000000001
25.58,-37.25,53.85
26.33,-37.72,150.93
27.2,-38.13,1205.34
28.16,-38.52,289.46000000000004
28.96,-38.84,154.82
29.8,-39.31,10508.6
30.61,-39.65,189.55
31.39,-40.08,186.70999999999998
32.19,-40.65,141.35
33.0,-41.29,424.80999999999995
32.2,-41.61,768.47
31.38,-41.76,295.83000000000004
30.52,-42.09,4262.96
29.7,-42.48,50.3
28.85,-42.59,55.97
28.02,-42.83,150.56
27.12,-42.96,212.57
26.26,-43.14,154.12
26.85,-43.77,115.49
27.58,-44.34,6565.57
28.33,-44.98,5659.960000000001
29.04,-45.48,281.65
29.73,-46.04,169.67000000000002
30.55,-46.66,230.28999999999996
31.27,-47.18,825.8599999999999
32.06,-47.69,351.47
33.16,-48.27,0.0
-39.31,163.59,0.0
-39.32,163.57,0.0
-39.32,163.56,0.0
-39.96,160.42,0.0
-40.05,160.1,0.0
-40.06,160.1,0.0
-40.64,155.88,0.0
-40.64,155.87,0.0
-40.62,155.92,0.0
-41.14,152.28,0.0
-41.14,152.26,0.0
-41.14,152.25,0.0
-43.58,145.8,0.0
-43.57,145.79,0.0
-43.56,145.78,0.0
-41.92,144.54,0.0
-41.92,144.54,0.0
-41.92,144.54,0.0
-39.04,142.41,0.0
-39.04,142.4,0.0
-39.03,142.39,0.0
-37.89,139.82,0.0
-37.88,139.82,0.0
-37.87,139.81,0.0
-36.05,135.69,0.0
-36.05,135.69,0.0
-36.04,135.68,0.0
-35.48,132.18,0.0
-35.48,132.16,0.0
-35.48,132.15,0.0
-35.07,127.26,0.0
-35.07,127.24,0.0
-35.07,127.23,0.0
-34.6,121.82,0.0
-34.61,121.81,0.0
-34.61,121.8,0.0
-35.32,118.62,0.0
-35.32,118.61,0.0
-35.32,118.61,0.0
-33.12,114.48,0.0
-33.12,114.46,0.0
-33.12,114.44,0.0
-41.9,148.46,0.0
-41.88,148.49,0.0
-41.87,148.51,0.0
-39.65,148.88,0.0
-39.65,148.87,0.0
-39.63,148.86,0.0
-37.64,150.4,0.0
-37.62,150.4,0.0
-37.61,150.4,0.0
-35.4,150.84,0.0
-35.39,150.85,0.0
-35.38,150.85,0.0
-33.88,152.01,0.0
-33.87,152.01,0.0
-33.87,152.02,0.0
-33.17,152.7,0.0
-33.16,152.7,0.0
-33.16,152.71,0.0
-31.03,153.37,0.0
-31.04,153.36,0.0
-31.04,153.36,0.0
-28.34,153.92,0.0
-28.34,153.92,0.0
-28.34,153.92,0.0
-26.73,153.38,0.0
-26.72,153.38,0.0
-26.7,153.38,0.0
-24.91,155.21,0.0
-24.92,155.2,0.0
-24.94,155.18,0.0
-23.87,162.35,0.0
-23.87,162.37,0.0
-23.86,162.38,0.0
-23.21,166.63,0.0
-23.21,166.64,0.0
-23.21,166.66,0.0
-21.77,170.63,0.0
-21.76,170.64,0.0
-21.75,170.66,0.0
-18.57,176.5,0.0
-18.58,176.49,0.0
-18.59,176.48,0.0
-19.98,174.99,0.0
-19.99,174.98,0.0
-20.0,174.97,0.0
-21.28,173.58,0.0
-21.29,173.56,0.0
-21.3,173.56,0.0
-22.6,172.1,0.0
-22.6,172.09,0.0
-22.61,172.08,0.0
-23.75,170.53,0.0
-23.76,170.52,0.0
-23.77,170.51,0.0
-25.08,168.71,0.0
-25.08,168.69,0.0
-25.09,168.68,0.0
-26.29,167.01,0.0
-26.3,167.0,0.0
-26.3,166.98,0.0
-27.53,165.19,0.0
-27.54,165.18,0.0
-27.56,165.18,0.0
-35.65,155.07,0.0
-35.66,155.06,0.0
-35.67,155.05,0.0
-37.38,153.54,0.0
-37.39,153.53,0.0
-37.41,153.51,0.0
-42.29,148.97,0.0
-42.3,148.96,0.0
-42.31,148.95,0.0
-42.83,148.45,0.0
-42.84,148.43,0.0
-42.84,148.42,0.0
-16.57,145.75,0.0
-16.55,145.76,0.0
-16.53,145.74,0.0
-15.02,145.39,0.0
-15.0,145.38,0.0
-14.98,145.38,0.0
-13.65,144.08,0.0
-13.63,144.07,0.0
-13.62,144.06,0.0
-12.02,143.27,0.0
-12.0,143.28,0.0
-11.99,143.29,0.0
-10.75,142.33,0.0
-10.77,142.3,0.0
-10.78,142.28,0.0
-12.27,141.63,0.0
-12.29,141.62,0.0
-12.3,141.62,0.0
-15.49,141.04,0.0
-15.51,141.04,0.0
-15.52,141.04,0.0
-17.05,140.78,0.0
-17.07,140.77,0.0
-17.08,140.77,0.0
-18.65,119.49,0.0
-18.66,119.48,0.0
-18.66,119.46,0.0
-18.86,118.67,0.0
-18.87,118.65,0.0
-18.87,118.63,0.0
-18.99,118.2,0.0
-18.99,118.18,0.0
-19.0,118.17,0.0
-19.11,117.72,0.0
-19.11,117.7,0.0
-19.12,117.68,0.0
-19.43,115.93,0.0
-19.43,115.94,0.0
-19.43,115.96,0.0
-20.06,116.38,0.0
-20.07,116.35,0.0
-20.07,116.34,0.0
-20.32,115.66,0.0
-20.32,115.64,0.0
-20.33,115.63,0.0
-19.79,115.98,0.0
-19.8,115.97,0.0
-19.81,115.95,0.0
-20.38,115.13,0.0
-20.4,115.12,0.0
-20.4,115.1,0.0
-21.84,113.92,0.0
-21.83,113.93,0.0
-21.82,113.95,0.0
-21.2,115.47,0.0
-21.2,115.49,0.0
-21.19,115.51,0.0
-19.97,117.09,0.0
-19.95,117.1,0.0
-19.94,117.11,0.0
-18.73,118.74,0.0
-18.72,118.75,0.0
-18.71,118.76,0.0
-17.66,120.13,0.0
-17.65,120.14,0.0
-17.65,120.16,0.0
-15.21,123.32,0.0
-15.2,123.33,0.0
-15.19,123.34,0.0
-14.29,124.78,0.0
-14.28,124.79,0.0
-14.28,124.8,0.0
-13.75,127.6,0.0
-13.74,127.61,0.0
-13.74,127.63,0.0
-12.82,129.39,0.0
-12.82,129.4,0.0
-12.81,129.42,0.0
-12.41,130.16,0.0
-12.41,130.17,0.0
-12.4,130.18,0.0
-34.45,172.5,0.0
-34.66,173.91,0.0
-34.86,171.95,0.0
-37.32,168.5,0.0
-37.57,168.15,0.0
-38.99,165.5,0.0
-39.05,165.1,0.0
-40.34,157.6,0.0
-40.47,156.61,0.0
-42.22,150.25,0.0
-43.26,145.27,0.0
-42.92,145.0,0.0
-40.28,143.33,0.0
-39.68,143.05,4884.0
-36.11,136.37,27.9
-35.25,129.63,0.0
-35.17,128.73,26.2
-34.85,124.58,26.3
-34.89,120.54,0.0
-35.08,119.68,95.7
-35.41,116.34,29.4
-41.11,148.81,0.0
-38.33,149.77,0.0
-17.6,177.44,2149.5
-17.95,177.16,538.65
-18.25,176.85,144.65
-20.68,174.23,0.0
-23.23,171.24,0.0
-23.57,170.78,0.0
-36.41,154.4,0.0
-42.75,148.53,0.0
-21.18,115.52,0.0
-19.92,117.12,0.0
42.99,6.41,0.0
42.99,6.47,0.0
42.99,6.5,0.0
42.98,6.56,19.6
42.97,6.62,0.0
43.14,6.97,0.0
43.18,7.01,19.6
43.22,7.05,196.0
43.26,7.09,0.0
43.29,7.12,0.0
43.33,7.16,0.0
43.37,7.2,0.0
43.39,7.17,2044.7
43.41,7.08,78.4
43.42,7.02,0.0
43.38,6.92,0.0
43.38,6.98,0.0
43.38,7.04,58.8
43.37,7.09,39.2
43.37,7.15,1902.6
43.37,7.2,0.0
43.37,7.27,215.6
43.38,7.34,196.0
43.36,7.31,19.6
43.35,7.24,176.4
43.33,7.17,0.0
43.31,7.1,39.2
43.27,6.89,0.0
43.3,6.92,39.2
43.31,6.97,0.0
43.35,7.0,0.0
43.38,7.03,0.0
43.69,7.47,0.0
43.65,7.5,0.0
43.52,7.53,0.0
43.5,7.46,668.2
43.48,7.08,0.0
43.46,7.13,176.4
43.44,7.19,19.6
43.42,7.25,39.2
43.4,7.31,155.2
43.38,7.36,2000.6
43.36,7.42,0.0
43.33,7.43,468.8
43.31,7.38,194.4
43.27,7.35,468.8
43.22,7.37,117.6
43.17,7.39,58.8
43.13,7.41,19.6
43.08,7.43,0.0
43.04,7.45,331.6
43.0,7.45,39.2
42.97,7.39,176.4
42.9,7.23,0.0
42.91,7.15,58.8
42.91,7.08,155.2
42.92,7.0,0.0
42.93,6.92,0.0
42.94,6.85,0.0
42.95,6.77,0.0
42.95,6.7,137.2
42.96,6.62,0.0
42.96,6.28,0.0
42.92,6.3,0.0
42.87,6.31,78.4
42.83,6.33,58.8
42.79,6.35,19.6
42.75,6.34,0.0
42.71,6.37,137.2
42.72,6.3,0.0
42.72,6.24,98.0
42.71,6.18,235.2
42.71,6.12,352.8
42.71,6.07,58.8
42.71,6.07,0.0
42.73,6.01,19.6
42.76,5.94,0.0
42.81,5.74,0.0
42.79,5.67,39.2
42.78,5.61,39.2
42.77,5.54,0.0
42.84,5.47,0.0
42.84,5.41,135.6
42.85,5.34,19.6
42.85,5.28,39.2
42.84,5.25,156.8
42.81,5.29,0.0
42.72,6.61,0.0
42.68,6.65,58.8
42.64,6.69,215.6
42.6,6.74,1922.2
42.56,6.79,194.4
42.52,6.83,39.2
42.48,6.88,0.0
42.43,6.86,0.0
42.4,6.91,39.2
42.37,6.96,646.8
42.34,7.01,385.5
42.36,7.06,0.0
42.4,7.07,19.6
42.45,7.09,39.2
42.46,7.09,0.0
42.51,7.11,352.8
42.56,7.13,19.6
43.31,7.44,0.0
43.34,7.43,0.0
43.33,7.41,0.0
43.32,7.39,0.0
43.32,7.37,0.0
43.33,7.35,0.0
43.36,7.32,196.0
43.39,7.36,58.8
43.42,7.39,58.8
43.46,7.43,78.4
43.49,7.46,215.6
43.53,7.5,0.0
43.56,7.55,19.6
43.54,7.59,135.6
43.5,7.63,333.2
43.5,7.63,0.0
43.47,7.67,372.4
43.44,7.71,529.2
43.41,7.76,392.0
43.38,7.74,78.4
43.49,7.29,0.0
43.46,7.33,352.8
43.29,7.86,0.0
43.34,7.84,174.8
43.35,7.8,2177.0
43.35,7.79,0.0
43.37,7.73,176.4
43.38,7.67,156.8
43.4,7.61,156.8
43.22,7.13,0.0
43.16,7.12,39.2
43.11,7.0,0.0
43.09,6.94,0.0
43.08,6.89,19.6
43.12,6.89,0.0
42.96,6.39,0.0
42.92,6.43,39.2
42.88,6.46,19.6
42.85,6.5,19.6
42.82,6.54,0.0
42.78,6.58,196.0
42.74,6.62,117.6
42.72,6.63,0.0
42.68,6.67,19.6
42.65,6.71,19.6
42.61,6.76,132.3
42.57,6.8,176.4
42.52,6.85,63.7
42.48,6.89,0.0
42.43,6.94,0.0
42.38,6.98,39.2
42.22,7.12,0.0
42.25,7.14,0.0
42.28,7.19,0.0
42.3,7.23,0.0
42.34,7.29,19.6
42.37,7.34,39.2
42.4,7.39,0.0
42.42,7.42,0.0
42.47,7.45,19.6
42.52,7.47,58.8
42.56,7.48,0.0
42.6,7.49,78.4
42.64,7.45,19.6
42.64,7.43,0.0
42.68,7.39,117.6
42.71,7.34,0.0
42.74,7.29,214.0
42.78,7.24,19.6
42.81,7.19,117.6
42.85,7.15,0.0
42.91,7.02,0.0
42.94,6.97,78.4
42.97,6.98,19.6
43.48,7.15,0.0
43.45,7.2,0.0
43.43,7.25,0.0
43.4,7.35,0.0
43.38,7.37,0.0
43.34,7.4,135.6
43.33,7.41,0.0
43.29,7.45,0.0
43.26,7.48,0.0
43.26,7.48,0.0
43.24,7.43,254.8
43.23,7.33,0.0
43.22,7.26,194.4
43.18,7.25,0.0
43.16,7.24,0.0
43.13,7.25,0.0
43.13,7.25,0.0
43.13,7.23,0.0
43.1,7.07,0.0
43.09,7.02,0.0
43.0,6.97,0.0
42.98,6.93,0.0
42.83,6.67,58.8
42.96,6.38,0.0
42.92,6.42,0.0
42.88,6.47,176.4
42.84,6.51,254.8
42.8,6.55,117.6
42.78,6.58,0.0
42.74,6.62,58.8
42.7,6.67,19.6
42.66,6.71,39.2
42.61,6.75,39.2
42.57,6.79,137.2
42.53,6.84,19.6
42.45,7.24,0.0
42.49,7.28,0.0
42.78,7.16,0.0
42.83,7.15,137.2
42.88,7.15,78.4
42.9,7.11,0.0
42.95,7.11,294.0
43.0,7.12,738.52
43.05,7.13,102.9
43.1,7.13,39.2
43.13,7.17,155.2
43.16,7.23,39.2
43.18,7.31,0.0
43.21,7.36,117.6
43.25,7.41,39.2
43.28,7.46,271.3
43.31,7.5,39.2
43.32,7.51,0.0
43.35,7.46,174.8
43.38,7.4,19.6
43.42,7.35,19.6
43.46,7.3,0.0
43.5,7.25,254.8
43.53,7.21,98.0
43.28,7.21,0.0
43.26,7.27,0.0
43.23,7.31,0.0
43.21,7.32,0.0
43.17,7.35,0.0
43.14,7.37,0.0
43.1,7.4,19.6
43.05,7.43,19.6
43.04,7.45,0.0
42.99,7.48,0.0
42.94,7.51,0.0
42.51,8.52,0.0
42.55,8.54,135.6
42.6,8.56,0.0
42.63,8.59,0.0
42.66,8.62,19.6
42.69,8.66,0.0
42.73,8.66,0.0
42.78,8.66,0.0
43.11,8.4,0.0
43.13,8.36,0.0
43.17,8.29,0.0
43.15,8.33,0.0
43.15,8.32,0.0
43.11,8.28,292.4
43.08,8.25,0.0
43.08,8.24,0.0
43.05,8.2,0.0
43.01,8.16,19.6
42.98,8.11,0.0
42.99,8.05,0.0
42.99,8.04,0.0
43.02,7.97,0.0
43.07,7.85,0.0
43.09,7.81,0.0
43.1,7.76,19.6
43.11,7.69,271.3
43.11,7.64,0.0
43.13,7.65,0.0
43.13,7.59,19.6
43.12,7.53,19.6
43.12,7.47,0.0
42.86,6.78,0.0
42.88,6.82,0.0
42.9,6.86,0.0
42.92,6.9,0.0
42.94,6.94,39.2
42.96,6.99,0.0
42.98,7.03,19.6
42.99,7.04,0.0
43.02,7.06,313.6
43.07,7.08,19.6
43.1,7.1,39.2
43.13,7.09,0.0
43.17,7.12,39.2
43.19,7.15,0.0
43.23,7.18,0.0
42.87,6.83,0.0
42.86,6.77,19.6
42.84,6.7,19.6
42.83,6.65,351.2
42.83,6.61,0.0
42.82,6.55,156.8
42.8,6.49,39.2
42.81,6.47,0.0
42.79,6.41,0.0
42.77,6.35,19.6
42.72,6.35,0.0
42.72,6.29,19.6
42.72,6.23,0.0
42.71,6.24,0.0
42.71,6.24,0.0
42.67,6.21,19.6
42.62,6.19,19.6
42.58,6.17,19.6
42.53,6.15,0.0
42.49,6.13,0.0
42.51,6.06,0.0
42.52,6.01,0.0
42.53,5.96,0.0
42.55,5.9,19.6
42.58,5.89,0.0
42.62,5.92,176.4
42.67,5.94,196.0
42.7,5.96,39.2
42.79,5.97,0.0
42.77,6.02,0.0
42.74,6.07,19.6
42.72,6.11,19.6
42.72,6.16,19.6
42.73,6.22,58.8
42.75,6.27,0.0
42.8,6.28,0.0
42.79,6.33,19.6
42.78,6.34,0.0
42.79,6.36,0.0
42.8,6.4,39.2
42.8,6.45,0.0
42.96,6.38,0.0
42.92,6.42,194.4
42.88,6.46,271.3
42.85,6.5,406.9
42.81,6.54,0.0
42.77,6.59,0.0
42.73,6.63,0.0
42.69,6.68,0.0
42.64,6.78,0.0
42.6,6.81,194.4
42.37,7.05,0.0
42.33,7.08,0.0
42.76,5.99,0.0
42.77,5.92,0.0
42.78,5.85,19.6
43.07,5.65,0.0
43.06,5.58,0.0
43.05,5.52,19.6
43.04,5.45,0.0
42.85,5.03,0.0
42.81,4.99,155.2
42.79,4.97,39.2
42.79,4.97,0.0
42.77,4.96,19.6
42.72,4.96,0.0
42.67,4.96,19.6
42.63,4.98,19.6
42.59,5.02,0.0
42.55,5.05,0.0
42.51,5.09,156.8
42.9,5.72,0.0
42.89,5.78,19.6
42.88,5.8,0.0
42.92,5.83,0.0
42.95,5.86,58.8
42.95,5.86,0.0
42.93,5.9,330.1
42.92,5.94,19.6
42.9,5.99,39.2
-33.91,18.32,1044.7
-34.5,16.88,32.2
-34.5,13.77,49.1
-34.5,12.63,12.1
-34.5,8.13,100.6
-34.5,3.39,345.6
-34.5,2.74,24.0
-34.65,-0.7,236.39999999999998
-34.8,-1.42,312.4
-34.95,-2.13,306.2
-35.06,-2.66,140.7
-35.94,-6.92,14.1
-36.1,-7.7,14.2
-36.26,-8.49,502.1
-37.42,-12.46,133.3
-38.2,-11.76,0.0
-37.04,-12.24,7.5
-36.71,-8.46,0.0
-36.64,-7.75,0.0
-36.58,-7.04,146.1
-36.52,-6.37,38.4
-36.45,-5.54,0.0
-36.14,-2.02,41.7
-36.09,-1.39,191.6
-36.03,-0.75,209.79999999999998
-35.96,-0.06,184.1
-35.88,0.62,30.700000000000003
-35.28,5.91,58.1
-35.19,6.74,97.2
-35.11,7.42,308.0
-35.04,8.11,477.0
-34.96,8.8,302.1
-34.43,13.47,182.6
-34.38,14.06,17.5
-34.38,14.49,28.2
-34.39,14.96,1404.0
-34.39,15.44,249.39999999999998
-33.9,18.29,224.39999999999998
-34.0,15.09,12.9
-34.67,14.16,0.0
-35.14,13.8,0.0
-37.66,11.9,0.0
-38.52,11.23,59.9
-39.13,10.75,0.0
-42.42,8.09,0.0
-42.91,7.92,0.0
-44.77,6.92,0.0
-45.27,6.43,0.0
-45.79,5.91,0.0
-46.09,5.61,0.0
-47.84,3.89,0.0
-48.28,3.43,0.0
-48.63,3.03,0.0
-50.15,1.4,0.0
-50.68,0.83,0.0
-51.11,0.34,0.0
-51.37,0.02,0.0
-54.06,0.0,0.0
-54.88,0.0,0.0
-57.73,0.0,0.0
-58.76,0.0,0.0
-59.48,0.01,114.0
-62.02,0.0,0.0
-63.1,0.0,0.0
5.63,83.14,0.02
5.71,83.71,2.01
5.9,85.0,11.46
5.97,85.7,1.3
6.16,86.94,0.26
6.24,87.62,1.44
6.42,88.75,0.12
6.47,89.37,8.639999999999999
6.63,90.56,0.31999999999999995
6.52,91.14,11.79
6.48,92.26,50.72
6.49,92.9,49.21
6.55,93.68,0.5800000000000001
6.7,94.13,0.29000000000000004
6.85,94.86,8.9
6.93,95.34,4.2700000000000005
7.01,96.3,2.72
7.28,96.9,3.3
2.3,101.85,16063.4
2.42,101.69,32136.0
2.65,101.38,17373.6
2.86,100.98,20772.6
3.16,100.64,4304.6
3.47,100.26,913.1999999999999
5.51,97.48,5705.0
5.64,97.03,5306.099999999999
5.77,96.59,2856.2999999999997
5.9,96.15,977.6
6.03,95.71,717.3
6.17,95.28,322.90000000000003
6.98,92.55,676.5
7.13,92.03,2329.6
7.27,91.55,642.9
7.41,91.07,1659.8999999999999
8.74,89.26,15.7
9.11,89.15,1763.3
9.5,89.04,91.39999999999999
9.93,88.92,226.0
10.36,88.8,48.699999999999996
10.8,88.68,54.199999999999996
11.84,88.6,48.300000000000004
12.29,88.72,112.3
12.75,88.75,360.1
14.82,89.1,234.6
15.28,89.17,65.0
17.47,89.51,1340.2
18.02,89.55,565.4000000000001
17.94,89.34,1995.0
18.03,89.68,315.6
17.53,89.64,2251.9
16.04,87.96,21.8
16.48,87.82,18.2
16.04,87.87,58.6
15.88,88.27,1347.8
15.5,88.55,8.2
15.13,88.83,13.3
12.69,88.78,444.9
12.14,88.7,581.0
9.39,89.07,11.3
8.84,89.29,24.1
8.29,89.39,12.5
7.86,89.54,2.5
7.45,89.69,110.5
7.03,89.84,1306.5
6.72,90.01,102.39999999999999
6.81,91.38,53.800000000000004
6.71,91.83,111.6
6.63,92.23,259.1
6.55,92.62,2037.0
6.46,93.02,366.20000000000005
6.38,93.42,680.5
5.75,96.15,1635.6000000000001
5.64,96.56,681.9
5.53,96.96,1814.6
5.42,97.35,2123.9
5.23,97.71,1311.6
5.0,98.06,3954.3
3.29,100.29,426.3
3.02,100.63,118.69999999999999
2.8,100.98,2322.5
2.6,101.35,2250.9
2.36,101.69,1534.8
